url,status,content_type,final_url
https://www.dungeonbooks.com/contact-us,200,text/html; charset=utf-8,
https://www.dungeonbooks.com/dungeons-and-dragons,200,text/html; charset=utf-8,
https://www.dungeonbooks.com/order,200,text/html; charset=utf-8,
https://www.dungeonbooks.com/privacy-policy,200,text/html; charset=utf-8,
https://www.dungeonbooks.com/,200,text/html; charset=utf-8,
https://www.dungeonbooks.com/product/-set-the-riddle-master-of-hed-by-patricia-a-mckillip-vintage-/IDUFAP524N23LWLEWZORUXX5,200,text/html; charset=utf-8,
https://www.dungeonbooks.com/policies,200,text/html; charset=utf-8,
https://www.dungeonbooks.com/terms-and-conditions,200,text/html; charset=utf-8,
https://www.dungeonbooks.com/sms,200,text/html; charset=utf-8,
https://www.dungeonbooks.com/product/1984-by-george-orwell-paperback-/449,200,text/html; charset=utf-8,
https://www.dungeonbooks.com/product/1984-by-george-orwell-75th-anniversary-edition/4737L72CFPXYYIPB7PKMOOP6,200,text/html; charset=utf-8,
https://www.dungeonbooks.com/product/2001-a-space-odyssey-by-arthur-c-clarke-paperback-/447,200,text/html; charset=utf-8,
https://www.dungeonbooks.com/product/500-dreams-by-jennifer-eckford-hardcover-/RRZG5GQJ7YVJUQ24L72TVK5T,200,text/html; charset=utf-8,
https://www.dungeonbooks.com/product/7-piece-dice-set/250,200,text/html; charset=utf-8,
https://www.dungeonbooks.com/product/a-beast-slinks-towards-beijing-a-novel-by-alice-evelyn-yang-hardcover-/YIHFOIWF6YGF25IT4HBVGDDD,200,text/html; charset=utf-8,
https://www.dungeonbooks.com/product/a-conspiracy-of-charming-monsters-illustrated-tales-from-elfhame-the-folk-of-the-air-by-holly-black-solenne-songer-frostbite-studios-hardcover-/ZHLDKFDGMNHMHMREFZLXN37V,200,text/html; charset=utf-8,
https://www.dungeonbooks.com/product/a-clash-of-kings-a-song-of-ice-and-fire-book-2-by-george-r-r-martin/849,200,text/html; charset=utf-8,
https://www.dungeonbooks.com/product/a-connecticut-yankee-in-king-arthur-s-court-by-mark-twain-paperback-/1008,200,text/html; charset=utf-8,
https://www.dungeonbooks.com/product/a-court-of-thorns-and-roses-by-sarah-j-maas-paperback-/623,200,text/html; charset=utf-8,
https://www.dungeonbooks.com/product/a-dance-with-dragons-a-song-of-ice-and-fire-book-5-by-george-r-r-martin/931,200,text/html; charset=utf-8,
https://www.dungeonbooks.com/product/a-curse-carved-in-bone-saga-of-the-unfated-2-by-danielle-l-jensen-hardcover-/MZW7E5TEDPWGM5JWO5DBXDWO,200,text/html; charset=utf-8,
https://www.dungeonbooks.com/product/a-date-with-death-by-kelly-creagh-paperback-/RBV2YPQV3LLWGRGCFUGIHMFC,200,text/html; charset=utf-8,
https://www.dungeonbooks.com/product/a-day-of-breath-by-darby-cox/JZNJNDX53F734WZCA35K4CYF,200,text/html; charset=utf-8,
https://www.dungeonbooks.com/product/a-day-of-fallen-night-by-samantha-shannon-paperback-/BHY6AUN5UMMTXAX7PABUDGGQ,200,text/html; charset=utf-8,
https://www.dungeonbooks.com/product/a-drop-of-corruption-by-robert-jackson-bennett-hardcover-/Z5OGVYZ3PK2AUPW4BBM7JU7E,200,text/html; charset=utf-8,
https://www.dungeonbooks.com/product/a-drop-of-corruption-by-robert-jackson-bennett-paperback-/BJSH2LWYMVFFKCW324MVD6XV,200,text/html; charset=utf-8,
https://www.dungeonbooks.com/product/a-fate-inked-in-blood-saga-of-the-unfated-1-by-danielle-l-jensen/2HVUKDPQKMG4EXPOKAXCV3PO,200,text/html; charset=utf-8,
https://www.dungeonbooks.com/product/a-fate-worse-than-drowning-by-sarah-l-hawthorn-paperback-/672YW4DHCAK5MLFUXODWAN7O,200,text/html; charset=utf-8,
https://www.dungeonbooks.com/product/a-feast-for-crows-a-song-of-ice-and-fire-book-4-by-george-r-r-martin-paperback-/819,200,text/html; charset=utf-8,
https://www.dungeonbooks.com/product/a-forgery-of-fate-by-elizabeth-lim-hardcover-/WMTFGS23LQDB4FDOD73BY6VA,200,text/html; charset=utf-8,
https://www.dungeonbooks.com/product/a-fire-upon-the-deep-zones-of-thought-by-vernor-vinge-paperback-/AVZ3EDUUAUTO5A2QAYEFV3ME,200,text/html; charset=utf-8,
https://www.dungeonbooks.com/product/a-frog-in-the-fall-and-later-on-by-linea-sterte/X5HC4VUADIQL3BFCMZZYHIK3,200,text/html; charset=utf-8,
https://www.dungeonbooks.com/product/a-game-of-thrones-a-song-of-ice-and-fire-book-1-by-george-r-r-martin-paperback-/MU3DQ3UHHQL3CYPHW5ABQLGL,200,text/html; charset=utf-8,
https://www.dungeonbooks.com/product/a-hole-in-space-by-larry-niven-vintage-paperback-/132,200,text/html; charset=utf-8,
https://www.dungeonbooks.com/product/a-kid-s-guide-to-tabletop-rpgs-by-gabriel-hicks/587,200,text/html; charset=utf-8,
https://www.dungeonbooks.com/product/a-gift-from-earth-by-larry-niven-vintage-/134,200,text/html; charset=utf-8,
https://www.dungeonbooks.com/product/a-kiss-of-crimson-ash-by-anuja-varghese-paperback-signed/E4YTGC7UFLSPSFDICVXEFTED,200,text/html; charset=utf-8,
https://www.dungeonbooks.com/product/a-land-once-magic/ZRAQRAWR2E54LIZXLF3LDFXG,200,text/html; charset=utf-8,
https://www.dungeonbooks.com/product/a-lion-among-men-wicked-years-by-gregory-maguire-paperback-/984,200,text/html; charset=utf-8,
https://www.dungeonbooks.com/product/a-magical-girl-retires-by-park-seolyeon-hardcover-/797,200,text/html; charset=utf-8,
https://www.dungeonbooks.com/product/a-method-for-magic-and-misfortune-by-craig-kofi-farmer-hardcover-/GAKKDLXYKR6UFHLYCL4DDPKS,200,text/html; charset=utf-8,
https://www.dungeonbooks.com/product/a-master-of-djinn-by-p-dj-l-clark-paperback-/620,200,text/html; charset=utf-8,
https://www.dungeonbooks.com/product/a-nameless-witch-by-a-lee-martinez-paperback-/25TV37Y3OYYPO4F3JRQDMLFI,200,text/html; charset=utf-8,
https://www.dungeonbooks.com/product/a-natural-history-of-dragons-by-marie-brennan-paperback-/292,200,text/html; charset=utf-8,
https://www.dungeonbooks.com/product/a-nomad-of-the-time-streams-by-michael-moorcock-vintage-/253,200,text/html; charset=utf-8,
https://www.dungeonbooks.com/product/a-parade-of-horribles-by-matt-dinniman-hardcover-/MNU44PXRFWVRPX4YLAYYDWDO,200,text/html; charset=utf-8,
https://www.dungeonbooks.com/product/a-prayer-for-the-crown-shy-monk-robot-book-2-by-becky-chambers-hardcover-/941,200,text/html; charset=utf-8,
https://www.dungeonbooks.com/product/a-princess-of-mars-a-barsoom-novel-book-1-by-edgar-rice-burroughs-paperback-/6Z4TUZVKGCBTYEGNR3LNELDD,200,text/html; charset=utf-8,
https://www.dungeonbooks.com/product/a-purple-thread-the-supernatural-doom-of-oscar-wilde/11,200,text/html; charset=utf-8,
https://www.dungeonbooks.com/product/a-psalm-for-the-wild-built-by-becky-chambers/617,200,text/html; charset=utf-8,
https://www.dungeonbooks.com/product/a-shore-thing-by-joanna-lowell-paperback-/Y2LE7ZHU7HIQEF75YX263YWU,200,text/html; charset=utf-8,
https://www.dungeonbooks.com/product/a-scanner-darkly-by-philip-k-dick-paperback-/1000,200,text/html; charset=utf-8,
https://www.dungeonbooks.com/product/a-snake-among-swans-the-wing-and-the-ways-1-by-hannah-kaner-hardcover-/6SXQ4WLR7H2VDIKVA3B2K56U,200,text/html; charset=utf-8,
https://www.dungeonbooks.com/product/a-sorceress-comes-to-call-by-t-kingfisher-hardcover-/938,200,text/html; charset=utf-8,
https://www.dungeonbooks.com/product/a-song-for-a-new-day-by-sarah-pinsker-paperback-/550,200,text/html; charset=utf-8,
https://www.dungeonbooks.com/product/a-space-meowdyssey-500-piece-puzzle-by-galison/6FLOBGELWVSIMWCOS4E3W5U3,200,text/html; charset=utf-8,
https://www.dungeonbooks.com/product/a-storm-of-swords-a-song-of-ice-and-fire-book-3-by-george-r-r-martin/778,200,text/html; charset=utf-8,
https://www.dungeonbooks.com/product/a-swiftly-tilting-planet-by-madeleine-l-engle/66UETCAAYMXJBUGK5LHIBC7H,200,text/html; charset=utf-8,
https://www.dungeonbooks.com/product/a-tangled-magic-deluxe-stenciled-edges-by-andrea-eames-paperback-/YOR65ONPHZEVEFNSV4EPOKZR,200,text/html; charset=utf-8,
https://www.dungeonbooks.com/product/a-theory-of-dreaming-by-ava-reid-hardcover-/JW6KFLONLR5SI6CNAUV25SSU,200,text/html; charset=utf-8,
https://www.dungeonbooks.com/product/a-trade-of-blood-ana-and-din-mysteries-3-by-robert-jackson-bennett-hardcover-/QD5IGUNG7WQMUJGWAMEZHGKA,200,text/html; charset=utf-8,
https://www.dungeonbooks.com/product/a-sunny-place-for-shady-people-by-mariana-enriquez-paperback-/HSWAWYCLXCSLN7Q2TTILG6AF,200,text/html; charset=utf-8,
https://www.dungeonbooks.com/product/a-study-in-drowning-by-ava-reid-hardcover-/989,200,text/html; charset=utf-8,
https://www.dungeonbooks.com/product/a-wind-in-the-door-by-madeleine-l-engle/JDWYWOCKWPJPRVD453LE752M,200,text/html; charset=utf-8,
https://www.dungeonbooks.com/product/a-wizard-of-earth-sea-earthsea-book-1-by-ursula-k-le-guin-paperback-/599,200,text/html; charset=utf-8,
https://www.dungeonbooks.com/product/a-witch-s-guide-to-magical-innkeeping-by-sangu-mandanna-paperback-/4S4WJIDSQA4NTQ5X2FJHLHPH,200,text/html; charset=utf-8,
https://www.dungeonbooks.com/product/a-world-out-of-time-by-larry-niven-vintage-/138,200,text/html; charset=utf-8,
https://www.dungeonbooks.com/product/a-year-in-the-castle-by-nikola-kucharska-hardcover-/UEIUZ6YKTMYYNHB4KQCPTNBU,200,text/html; charset=utf-8,
https://www.dungeonbooks.com/product/acceptance-southern-reach-book-3-by-jeff-vandermeer-paperback-/921,200,text/html; charset=utf-8,
https://www.dungeonbooks.com/product/absolution-southern-reach-book-4-by-jeff-vandermeer-hardcover-/944,200,text/html; charset=utf-8,
https://www.dungeonbooks.com/product/advanced-dungeons-dragons-adventure-gamebook-4-the-soulforge-by-terry-phillips/673,200,text/html; charset=utf-8,
https://www.dungeonbooks.com/product/advanced-dungeons-dragons-dungeon-master-guide/258,200,text/html; charset=utf-8,
https://www.dungeonbooks.com/product/advanced-dungeons-dragons-players-handbook/259,200,text/html; charset=utf-8,
https://www.dungeonbooks.com/product/advanced-lovers-lesbians/812,200,text/html; charset=utf-8,
https://www.dungeonbooks.com/product/again-dangerous-visions-by-harlan-ellison-paperback-/1010,200,text/html; charset=utf-8,
https://www.dungeonbooks.com/product/after-doomsday-by-poul-anderson-paperback-/120,200,text/html; charset=utf-8,
https://www.dungeonbooks.com/product/agnes-aubert-s-mystical-cat-shelter-by-heather-fawcett-hardcover-/GOFQQSWIORCS5EENFOP7C6EZ,200,text/html; charset=utf-8,
https://www.dungeonbooks.com/product/alchemy-of-secrets-by-stephanie-garber-hardcover-/SZXIGITRQNFEIBFSEVEL27SI,200,text/html; charset=utf-8,
https://www.dungeonbooks.com/product/alien-clay-by-adrian-tchaikovsky-paperback-/H2I6ZHC7LBTZRBPVXP5MEDJM,200,text/html; charset=utf-8,
https://www.dungeonbooks.com/product/all-clear-by-connie-willis-paperback-/590,200,text/html; charset=utf-8,
https://www.dungeonbooks.com/product/alien-rpg-core-rulebook/372,200,text/html; charset=utf-8,
https://www.dungeonbooks.com/product/alien-next-door-by-joey-spiotto-hardcover-/513,200,text/html; charset=utf-8,
https://www.dungeonbooks.com/product/all-that-we-see-or-seem-a-julia-z-novel-by-ken-liu-hardcover-/TNF5WQKYFP5GXUFADKPFV463,200,text/html; charset=utf-8,
https://www.dungeonbooks.com/product/all-the-birds-in-the-sky-by-charlie-jane-anders-paperback-/661,200,text/html; charset=utf-8,
https://www.dungeonbooks.com/product/all-the-myriad-ways-vintage-/136,200,text/html; charset=utf-8,
https://www.dungeonbooks.com/product/all-this-and-more-by-peng-shepherd-paperback-/COPQFJR425IU5YGQRVXQSTXT,200,text/html; charset=utf-8,
https://www.dungeonbooks.com/product/all-we-hunger-for-by-anna-mercier-deluxe-edition-hardcover-/KTZO2F7574O43FNQQKL3GXIO,200,text/html; charset=utf-8,
https://www.dungeonbooks.com/product/alone-on-a-journey/273,200,text/html; charset=utf-8,
https://www.dungeonbooks.com/product/all-the-world-s-a-stage-peter-pan-a-pop-out-sound-adventure-hardcover-by-j-m-barrie-katie-cotton-illustrated-by-ella-beech/MMNRPBC55OW7Y4N6XDGKJTOS,200,text/html; charset=utf-8,
https://www.dungeonbooks.com/product/air-of-sea-and-fire-by-patricia-a-mckillip-vintage-/XAR3POYHM32SSWX4CKRNVF2B,200,text/html; charset=utf-8,
https://www.dungeonbooks.com/product/alma-vampires-the-icarus-university-series-by-elena-armas-paperback-/WEZJVMWYI7VJR2YURITWY7DT,200,text/html; charset=utf-8,
https://www.dungeonbooks.com/product/ambrosia-by-katrina-kwan-hardcover-signed-bookplate-art-card-/3CV7ZQQHSO7Q6OQNJOHBXJQ6,200,text/html; charset=utf-8,
https://www.dungeonbooks.com/product/an-acceptable-time-by-madeleine-l-engle-paperback-/LBDT2CXT5AQEUGF3O7XVACU4,200,text/html; charset=utf-8,
https://www.dungeonbooks.com/product/an-altogether-different-river-by-aaron-lim/85,200,text/html; charset=utf-8,
https://www.dungeonbooks.com/product/an-arcane-inheritance-deluxe-edition-by-kamilah-cole-paperback-/RNYGZ5ZCT2F6UWF3C77WYU27,200,text/html; charset=utf-8,
https://www.dungeonbooks.com/product/american-supernatural-tales/77,200,text/html; charset=utf-8,
https://www.dungeonbooks.com/product/an-edge-sharp-enough-by-jesse-q-sutanto-hardcover-/PKZ7H7FC657B3Y47PDMJH3EG,200,text/html; charset=utf-8,
https://www.dungeonbooks.com/product/an-auction-of-souls-by-amber-chen-hardcover-/TC3SK6EVKFLI7XTVLCY4FEWE,200,text/html; charset=utf-8,
https://www.dungeonbooks.com/product/ancillary-justice-imperial-radch-book-1-by-anne-leckie-paperback-/651,200,text/html; charset=utf-8,
https://www.dungeonbooks.com/product/ancillary-mercy-imperial-radch-book-3-by-ann-leckie-paperback-/4X5HSW5GLLVOLWCZER6YQAVC,200,text/html; charset=utf-8,
https://www.dungeonbooks.com/product/ancillary-sword-imperial-radch-book-2-by-ann-leckie-paperback-/HTOTWTIDC4UHYHVKEPORURZH,200,text/html; charset=utf-8,
https://www.dungeonbooks.com/product/an-unwelcome-quest-magic-2-0-by-scott-meyer-paperback-/HWTQWBXBDOOO4ZWBIXEDN6ZN,200,text/html; charset=utf-8,
https://www.dungeonbooks.com/product/angel-down-by-daniel-kraus-hardcover-/EEI7FFUMYDE3LS5YGMHZCLHK,200,text/html; charset=utf-8,
https://www.dungeonbooks.com/product/and-the-river-drags-her-down-by-jihyun-yun-hardcover-/NO2DFO7ENRYAHUQXMJETK6UI,200,text/html; charset=utf-8,
https://www.dungeonbooks.com/product/animorphs-1-the-invasion-by-k-a-applegate-paperback-/WWYTT4EZFX7RI3I6XBTINXXY,200,text/html; charset=utf-8,
https://www.dungeonbooks.com/product/anima-rising-by-christopher-moore-hardcover-/991,200,text/html; charset=utf-8,
https://www.dungeonbooks.com/product/animorphs-3-the-encounter/MYKAB6J2I2F466DR775GQO46,200,text/html; charset=utf-8,
https://www.dungeonbooks.com/product/animorphs-retro-tin-box-set/2SYWKKYULMLL2JKQNZDWTUIH,200,text/html; charset=utf-8,
https://www.dungeonbooks.com/product/animorphs-2-the-visitor-by-k-a-applegate-paperback-/WWKRGO3TFZTJSA27WOBSGZC6,200,text/html; charset=utf-8,
https://www.dungeonbooks.com/product/anji-kills-a-king-rising-tide-book-1-by-evan-leikam-paperback-/956,200,text/html; charset=utf-8,
https://www.dungeonbooks.com/product/another-dimension-of-us-by-mike-albo-paperback-/N75E5TKK4WXSQSS6LPB4FCAR,200,text/html; charset=utf-8,
https://www.dungeonbooks.com/product/annihilation-southern-reach-book-1-by-jeff-vandermeer-paperback-/346,200,text/html; charset=utf-8,
https://www.dungeonbooks.com/product/another-bug-hunt/360,200,text/html; charset=utf-8,
https://www.dungeonbooks.com/product/anzu-and-the-realm-of-darkness-a-graphic-novel-by-mai-k-nguyen-paperback-/937,200,text/html; charset=utf-8,
https://www.dungeonbooks.com/product/apocalypse-keys/262,200,text/html; charset=utf-8,
https://www.dungeonbooks.com/product/appendix-n-weird-tales-from-the-roots-of-dungeons-dragons/525,200,text/html; charset=utf-8,
https://www.dungeonbooks.com/product/arc/260,200,text/html; charset=utf-8,
https://www.dungeonbooks.com/product/ardent-violet-and-the-infinite-eye-by-alex-white-paperback-/653,200,text/html; charset=utf-8,
https://www.dungeonbooks.com/product/aquilus-issue-number-02/42,200,text/html; charset=utf-8,
https://www.dungeonbooks.com/product/arcana-academy-by-elise-kova-hardcover-/FZIQHFRWQ747U7PYKCWZLWPZ,200,text/html; charset=utf-8,
https://www.dungeonbooks.com/product/artman/379,200,text/html; charset=utf-8,
https://www.dungeonbooks.com/product/as-you-wake-break-the-shell-by-becky-chambers-hardcover-/FOPBOLO4YMHQA4QG4X5MR2LC,200,text/html; charset=utf-8,
https://www.dungeonbooks.com/product/artificial-condition-the-murderbot-diaries-vol-2-by-martha-wells-hardcover-/1027,200,text/html; charset=utf-8,
https://www.dungeonbooks.com/product/armada-by-ernest-cline-paperback-/K6P3NLQ6ZXUGCM5O22B67YH4,200,text/html; charset=utf-8,
https://www.dungeonbooks.com/product/ashes-of-eden-1-cover-a-by-jesse-judy/1082,200,text/html; charset=utf-8,
https://www.dungeonbooks.com/product/ashes-of-eden-1-cover-b-by-jesse-judy/1083,200,text/html; charset=utf-8,
https://www.dungeonbooks.com/product/armchair-demonology-the-magical-benefits-of-cultivating-bad-habits/QY2PJK6LQBWX5QJKRLVAF3GT,200,text/html; charset=utf-8,
https://www.dungeonbooks.com/product/assistant-to-the-villain-by-hannah-nicole-maehrer-paperback-/DRLCWCD7CSZBQNFLPI3VRGK5,200,text/html; charset=utf-8,
https://www.dungeonbooks.com/product/assassin-s-apprentice-by-robin-hobb-paperback-/555,200,text/html; charset=utf-8,
https://www.dungeonbooks.com/product/asunder-by-kerstin-hall-paperback-/HAYZEXB6HV57B6JU7IFM536T,200,text/html; charset=utf-8,
https://www.dungeonbooks.com/product/at-the-mountains-of-madness-deluxe-edition-by-gou-tanabe/61,200,text/html; charset=utf-8,
https://www.dungeonbooks.com/product/at-the-mountains-of-madness-choose-your-own-adventure-new-classics-by-jacopo-della-quercia-paperback-/FBZVYMKAS4ITKNTTVFCP5GY4,200,text/html; charset=utf-8,
https://www.dungeonbooks.com/product/august-kitko-and-the-mechas-from-space-by-alex-white-paperback-/652,200,text/html; charset=utf-8,
https://www.dungeonbooks.com/product/atlas-six-atlas-series-1-by-olivie-blake-paperback-/S5PLEWLO4T3QS23IM5TZTGRT,200,text/html; charset=utf-8,
https://www.dungeonbooks.com/product/assistant-to-the-villain-special-edition-by-hannah-nicole-maehrer-hardcover-/2VBDOBRQZHJPSXPC7CPBBWMI,200,text/html; charset=utf-8,
https://www.dungeonbooks.com/product/authority-southern-reach-book-2-by-jeff-vandermeer-paperback-/920,200,text/html; charset=utf-8,
https://www.dungeonbooks.com/product/automatic-noodle-by-annalee-newitz/UYHV5KHLKUZ5IMEXW7HU6NGZ,200,text/html; charset=utf-8,
https://www.dungeonbooks.com/product/babel-by-r-f-kuang-hardcover-/SDPTONWNF542J2DEHGZ6WCTX,200,text/html; charset=utf-8,
https://www.dungeonbooks.com/product/battle-gnomes-sticker-pretty-bad-co-/GU2DGL2N3PJ72T757Y2X56B7,200,text/html; charset=utf-8,
https://www.dungeonbooks.com/product/baptism-of-fire-the-witcher-saga-5-by-andrzej-sapkowski/876,200,text/html; charset=utf-8,
https://www.dungeonbooks.com/product/babel-by-r-f-kuang-paperback-/591,200,text/html; charset=utf-8,
https://www.dungeonbooks.com/product/be-like-a-cat-a-solo-two-player-rpg/76GWQ4JJ6EREAWP72JOXRKDZ,200,text/html; charset=utf-8,
https://www.dungeonbooks.com/product/be-kind-or-else-sticker-/HGYUWHAOWFFA7XZ36POH4UY4,200,text/html; charset=utf-8,
https://www.dungeonbooks.com/product/beautiful-bizarre-magazine-issue-50/RLYNYT6CRJB4UP5M2UQLM44Q,200,text/html; charset=utf-8,
https://www.dungeonbooks.com/product/before-the-coffee-gets-cold-by-toshikazu-kawaguchi-hardcover-/577,200,text/html; charset=utf-8,
https://www.dungeonbooks.com/product/beautiful-bizarre-magazine-issue-49/1013,200,text/html; charset=utf-8,
https://www.dungeonbooks.com/product/before-we-forget-kindness-by-toshikazu-kawaguchi-hardcover-/578,200,text/html; charset=utf-8,
https://www.dungeonbooks.com/product/before-they-are-hanged-the-first-law-trilogy-2-by-joe-abercrombie-paperback-/855,200,text/html; charset=utf-8,
https://www.dungeonbooks.com/product/beak-feather-bone/U5GN4NFHZYC7RTCV7VQHFLP6,200,text/html; charset=utf-8,
https://www.dungeonbooks.com/product/belladonna-by-adalyn-grace-paperback-/P24EBIKLOHJ2A4MJ4TUD2FL4,200,text/html; charset=utf-8,
https://www.dungeonbooks.com/product/beowulf-s-children-by-larry-niven-jerry-pournelle-steven-barnes-vintage-/221,200,text/html; charset=utf-8,
https://www.dungeonbooks.com/product/beowulf-a-new-translation-by-maria-dahvana-headley-paperback-/XTG356XYY4ZX5RFZCAHCICTR,200,text/html; charset=utf-8,
https://www.dungeonbooks.com/product/between-two-fires-deluxe-edition-by-christopher-buehlman-hardcover-/VREDHFASCLJ4RNM6IRM3CLE4,200,text/html; charset=utf-8,
https://www.dungeonbooks.com/product/between-the-covers/5M5UVOAHAECDGQWOGIJNSSBN,200,text/html; charset=utf-8,
https://www.dungeonbooks.com/product/bewitched-by-the-sea-monster-by-stephanie-e-donohue-paperback-/D332L7BDQQOUOXMOJJJ5CAIX,200,text/html; charset=utf-8,
https://www.dungeonbooks.com/product/binti-binti-1-by-nnedi-okorafor-paperback-/1020,200,text/html; charset=utf-8,
https://www.dungeonbooks.com/product/black-flame-by-gretchen-felker-martin-paperback-/OQF55623OSGNUYTC2JL3X7TY,200,text/html; charset=utf-8,
https://www.dungeonbooks.com/product/binti-the-complete-trilogy-by-nnedi-okorafor/551,200,text/html; charset=utf-8,
https://www.dungeonbooks.com/product/beyond-the-pale-by-yochai-gal/384,200,text/html; charset=utf-8,
https://www.dungeonbooks.com/product/black-sun-between-earth-and-sky-1-by-rebecca-roanhorse-paperback-/STUIP7CVTJL3STGO3DK5BPKE,200,text/html; charset=utf-8,
https://www.dungeonbooks.com/product/black-unicorn-by-tanith-lee-vintage-/670,200,text/html; charset=utf-8,
https://www.dungeonbooks.com/product/blackest-night/TYRNM6INAZQ4PVBSP64IK3BK,200,text/html; charset=utf-8,
https://www.dungeonbooks.com/product/blacktongue-thief-blacktongue-volume-1-by-christopher-buehlman/744,200,text/html; charset=utf-8,
https://www.dungeonbooks.com/product/blackheart-man-by-nalo-hopkinson-paperback-/JN5OIUI4RU56QDHPASUTH4EN,200,text/html; charset=utf-8,
https://www.dungeonbooks.com/product/blessed-is-the-rot-by-sheri-singerling-hardcover-/IOEORZAL6FUUUXGA34F7J6SC,200,text/html; charset=utf-8,
https://www.dungeonbooks.com/product/blessed-is-the-rot-by-sheri-singerling-paperback-/5XCYQAWHIVKO4CA3PFLFNQIA,200,text/html; charset=utf-8,
https://www.dungeonbooks.com/product/blind-date-with-a-werewolf-by-patricia-briggs-hardcover-/VW7Z2UPFE5JBVTKCC2ZEQTWN,200,text/html; charset=utf-8,
https://www.dungeonbooks.com/product/blockhead-by-joseph-d-agnese-hardcover-/JWWFZUSNYSBXSHCXGL54YNPC,200,text/html; charset=utf-8,
https://www.dungeonbooks.com/product/blood-for-the-undying-throne-the-bleeding-empire-vol-2-by-sung-il-kim-translated-by-anton-hur-hardcover-/RLU547YDFJVCK3ZAWVIVE7XQ,200,text/html; charset=utf-8,
https://www.dungeonbooks.com/product/blood-of-amber-book-ii-by-roger-zelazny-vintage-/167,200,text/html; charset=utf-8,
https://www.dungeonbooks.com/product/blood-of-elves-the-witcher-saga-3-by-andrzej-sapkowski-paperback-/865,200,text/html; charset=utf-8,
https://www.dungeonbooks.com/product/blood-island-choose-your-own-nightmare-by-liz-windover-paperback-/V6Z6HTUWPQJT5T7RQKXKE2KG,200,text/html; charset=utf-8,
https://www.dungeonbooks.com/product/blood-of-the-old-kings-the-bleeding-empire-vol-1-by-sung-il-kim-translated-by-anton-hur-hardcover-/347,200,text/html; charset=utf-8,
https://www.dungeonbooks.com/product/blood-over-bright-haven-by-m-l-wang-hardcover-/626,200,text/html; charset=utf-8,
https://www.dungeonbooks.com/product/bookshops-bonedust-by-travis-baldree-paperback-/404,200,text/html; charset=utf-8,
https://www.dungeonbooks.com/product/blood-over-bright-haven-by-m-l-wang-paperback-/FL6TCTSR5DIQO5KJYO3RLSZQ,200,text/html; charset=utf-8,
https://www.dungeonbooks.com/product/bones-of-jade-flesh-like-ice-by-gracie-marsden-hardcover-/G4HESMWZ26GTIYYZSAIT3B33,200,text/html; charset=utf-8,
https://www.dungeonbooks.com/product/border-riding/456,200,text/html; charset=utf-8,
https://www.dungeonbooks.com/product/brain-wave-by-poul-anderson-paperback-/117,200,text/html; charset=utf-8,
https://www.dungeonbooks.com/product/brackish-mothership-sci-fi-horror-rpg-/EQNGBN4XF56OEBLQX75INIEX,200,text/html; charset=utf-8,
https://www.dungeonbooks.com/product/brigands-breadknives-legends-lattes-by-travis-baldree-hardcover-/IVB6NMKDIWXBZPOUWI3ID4EK,200,text/html; charset=utf-8,
https://www.dungeonbooks.com/product/bride-by-ali-hazelwood-paperback-/WAL2LUTIBWH5LVRODGFX6DSK,200,text/html; charset=utf-8,
https://www.dungeonbooks.com/product/brindlewood-bay-a-dark-cozy-mystery/FUDNL3L5AVIM3J4LDZVAEELN,200,text/html; charset=utf-8,
https://www.dungeonbooks.com/product/broken-wish-by-julie-c-dao-hardcover-/IBVJRRF56G5NHXA4NNZDF7S4,200,text/html; charset=utf-8,
https://www.dungeonbooks.com/product/broken-dove-silver-elite-book-2-by-dani-francis-hardcover-/RFSCY4EQJUXIAB2E36A4XFYJ,200,text/html; charset=utf-8,
https://www.dungeonbooks.com/product/brooklyn-mermaid-choose-your-own-adventure-by-c-e-simpson-paperback-/X6WF4ZZISLIHGHUOFOW43QPX,200,text/html; charset=utf-8,
https://www.dungeonbooks.com/product/bookshops-bonedust-deluxe-edition-by-travis-baldree-hardcover-/74MKSTPZOZUPV4UENI6LWETT,200,text/html; charset=utf-8,
https://www.dungeonbooks.com/product/brown-velvet-dice-bag/SWYFC3SPMOELLBZZ63RVK7FT,200,text/html; charset=utf-8,
https://www.dungeonbooks.com/product/bull-moon-rising-by-ruby-dixon-paperback-/RXCLYPR7SYTI4R4QNQCYBPB2,200,text/html; charset=utf-8,
https://www.dungeonbooks.com/product/burn-the-sea-by-mona-tewari-paperback-/6BLH3723VWADJVHV3XMDOEPG,200,text/html; charset=utf-8,
https://www.dungeonbooks.com/product/bury-our-bones-in-the-midnight-soil-by-v-e-schwab/1003,200,text/html; charset=utf-8,
https://www.dungeonbooks.com/product/by-the-horns-royal-artifactual-guild-book-2-by-ruby-dixon-hardcover-/6C42J5CBDRO2YN5CA6NVNJ3V,200,text/html; charset=utf-8,
https://www.dungeonbooks.com/product/bury-your-gays-by-chuck-tingle-paperback-/7EYP6DKXLL5J54I6WDBPDCD2,200,text/html; charset=utf-8,
https://www.dungeonbooks.com/product/cairn/58,200,text/html; charset=utf-8,
https://www.dungeonbooks.com/product/camp-fire-scouts/15,200,text/html; charset=utf-8,
https://www.dungeonbooks.com/product/can-t-spell-treason-without-tea-tomes-tea-1-by-rebecca-thorne-paperback-/HL4TTVVSBIFQ2XP4LH6F4VI7,200,text/html; charset=utf-8,
https://www.dungeonbooks.com/product/candela-obscura-core-rulebook-by-rowan-hall-spenser-starke-hardcover-/YRYG6454KLAISEHBKLQWTHXP,200,text/html; charset=utf-8,
https://www.dungeonbooks.com/product/captain-underpants-the-first-epic-manga-from-the-creator-of-dog-man-/F5BZXMJKH7HI5TZ3Z636IQNH,200,text/html; charset=utf-8,
https://www.dungeonbooks.com/product/call-of-cthulhu-starter-set/57,200,text/html; charset=utf-8,
https://www.dungeonbooks.com/product/carl-s-doomsday-scenario-dungeon-crawler-carl-book-2-by-matt-dinnman-hardcover-/737,200,text/html; charset=utf-8,
https://www.dungeonbooks.com/product/captivity-/272,200,text/html; charset=utf-8,
https://www.dungeonbooks.com/product/carl-s-doomsday-scenario-by-matt-dinniman-paperback-/5IQD5VXPFTH2K747YVVIDVY3,200,text/html; charset=utf-8,
https://www.dungeonbooks.com/product/carmilla-the-first-vampire-by-amy-chu/518,200,text/html; charset=utf-8,
https://www.dungeonbooks.com/product/carmilla-volume-2-the-last-vampire-hunter/EXAOCMOM457RJ6QC6C7FGAWQ,200,text/html; charset=utf-8,
https://www.dungeonbooks.com/product/carmilla-by-sheridan-le-fanu-paperback-/320,200,text/html; charset=utf-8,
https://www.dungeonbooks.com/product/cart-zine-by-shannon-spence/287,200,text/html; charset=utf-8,
https://www.dungeonbooks.com/product/carrie-by-stephen-king-paperback-/ZRWI22WS6WMKRD7KXRZBHU76,200,text/html; charset=utf-8,
https://www.dungeonbooks.com/product/castle-in-the-air-by-diana-wynne-jones-paperback-/597,200,text/html; charset=utf-8,
https://www.dungeonbooks.com/product/castle-of-days-by-gene-wolfe-paperback-/M7VZQ4Q4LTUNUR5LYQOA7WT3,200,text/html; charset=utf-8,
https://www.dungeonbooks.com/product/carmilla-volume-3-the-eternal-by-amy-chu/BPPZRCLSXVOKCIYGVDPGBF74,200,text/html; charset=utf-8,
https://www.dungeonbooks.com/product/cat-campaign/821,200,text/html; charset=utf-8,
https://www.dungeonbooks.com/product/cats-in-medieval-manuscripts-by-kathleen-walker-meikle-hardcover-/YZVUIJ2VC73ZDAJ3GRCYLJLL,200,text/html; charset=utf-8,
https://www.dungeonbooks.com/product/catwings-return-by-ursula-k-le-guin-paperback-/709,200,text/html; charset=utf-8,
https://www.dungeonbooks.com/product/catwings-by-ursula-k-le-guin-paperback-/500,200,text/html; charset=utf-8,
https://www.dungeonbooks.com/product/catching-fire-deluxe-edition-hunger-games-book-2-by-suzanne-collins-paperback-/7CWYM5CERMIN4MKCSFTHMIFB,200,text/html; charset=utf-8,
https://www.dungeonbooks.com/product/castles-a-very-peculiar-history-by-jacqueline-morley/429,200,text/html; charset=utf-8,
https://www.dungeonbooks.com/product/cauldron-swamp-skirmish-from-hill-giant/DEUUCPBCMT55Q4ECSIHXUOST,200,text/html; charset=utf-8,
https://www.dungeonbooks.com/product/celtic-weird-tales-of-wicked-folklore-and-dark-mythology-by-johnny-mains/482,200,text/html; charset=utf-8,
https://www.dungeonbooks.com/product/cello-s-gate-the-sky-pirates-of-imperia-1-by-maurice-africh-hardcover-/LBYNL2GBVKKK6A5RBHQCCK5K,200,text/html; charset=utf-8,
https://www.dungeonbooks.com/product/changeling-by-roger-zelazny-vintage-/169,200,text/html; charset=utf-8,
https://www.dungeonbooks.com/product/chessex-dice/373,200,text/html; charset=utf-8,
https://www.dungeonbooks.com/product/charmcaster-spellslinger-book-3-by-sebastien-de-castell-paperback-/QF5Q54QUJOAANJNCJ3QSR6PZ,200,text/html; charset=utf-8,
https://www.dungeonbooks.com/product/children-of-time-by-adrian-tchaikovsky-paperback-/585,200,text/html; charset=utf-8,
https://www.dungeonbooks.com/product/chill-tidings-dark-tales-of-the-christmas-season/IFKD7R4YST6DWI52BSSDDRXI,200,text/html; charset=utf-8,
https://www.dungeonbooks.com/product/chlorine-a-novel-by-jade-song-paperback-/997,200,text/html; charset=utf-8,
https://www.dungeonbooks.com/product/celtic-tales-fairy-tales-and-stories-of-enchantment-from-ireland-scotland-brittany-and-wales-hardcover-/PPBEW337YRRNGMNTSGRQM5HY,200,text/html; charset=utf-8,
https://www.dungeonbooks.com/product/choose-your-own-adventure-4-book-boxed-set-magick-box-by-deborah-lerme-goodman/UBXRYLWFCQ2I43K7OVHCUAN4,200,text/html; charset=utf-8,
https://www.dungeonbooks.com/product/cinder-house-by-freya-marske-hardcover-/EBQB27NLFHHQC7GMUX7VKJAE,200,text/html; charset=utf-8,
https://www.dungeonbooks.com/product/city-of-all-seasons-by-oliver-k-langmead-aliya-whiteley-paperback-/EIXSQW42B53N455ONBI7S72N,200,text/html; charset=utf-8,
https://www.dungeonbooks.com/product/circles-of-stone-weird-tales-of-pagan-sites-and-ancient-rites-tales-of-the-weird-/900,200,text/html; charset=utf-8,
https://www.dungeonbooks.com/product/classic-starts-the-story-of-king-arthur-and-his-knights-by-howard-pyle-hardcover-/573,200,text/html; charset=utf-8,
https://www.dungeonbooks.com/product/city-of-others-by-jared-poon-paperback-/4BWYRHKDL2BKO5KSRE77JLGV,200,text/html; charset=utf-8,
https://www.dungeonbooks.com/product/classic-starts-the-adventures-of-robin-hood-by-howard-pyle-hardcover-/413,200,text/html; charset=utf-8,
https://www.dungeonbooks.com/product/closet-by-woshibai/268,200,text/html; charset=utf-8,
https://www.dungeonbooks.com/product/classic-starts-the-war-of-the-worlds-by-h-g-wells-hardcover-/411,200,text/html; charset=utf-8,
https://www.dungeonbooks.com/product/classic-starts-the-time-machine-by-h-g-wells-hardcover-/412,200,text/html; charset=utf-8,
https://www.dungeonbooks.com/product/cloud-empress-ecological-science-fantasy-rpg/815,200,text/html; charset=utf-8,
https://www.dungeonbooks.com/product/cold-eternity-by-s-a-barnes-paperback-/YZISIH5ZQ4L5MN6LIACBILBD,200,text/html; charset=utf-8,
https://www.dungeonbooks.com/product/coldwire-the-strangeloom-trilogy-1-by-chloe-gong-paperback-/ZXM6P7KCOKT3X25XP6K63CBC,200,text/html; charset=utf-8,
https://www.dungeonbooks.com/product/conan-vintage-paperback-/112,200,text/html; charset=utf-8,
https://www.dungeonbooks.com/product/convergent-series-by-larry-niven-vintage-/131,200,text/html; charset=utf-8,
https://www.dungeonbooks.com/product/conform-by-ariel-sullivan-hardcover-/WI4TTUJWKV2AFFVS6FZALWOI,200,text/html; charset=utf-8,
https://www.dungeonbooks.com/product/corp-borg-morkborg-/5ZSIE7O36AWNYIKTBCBJHONQ,200,text/html; charset=utf-8,
https://www.dungeonbooks.com/product/commandroids-a-world-transformed-by-nerdy-city/107,200,text/html; charset=utf-8,
https://www.dungeonbooks.com/product/cosmere-rpg-stormlight-gm-screen/P3V5K4GVQP65ZP24X3DDV5TM,200,text/html; charset=utf-8,
https://www.dungeonbooks.com/product/cosmere-rpg-stormlight-handbook/V2C62B4PRP6P3QRHWV6IIFEE,200,text/html; charset=utf-8,
https://www.dungeonbooks.com/product/cosmere-rpg-stormlight-adventure-stonewalkers/HQEVAYRFDYIHDTBJUFCNOOEV,200,text/html; charset=utf-8,
https://www.dungeonbooks.com/product/cosmere-rpg-stormlight-starter-set/6HWY4MAHOJCQW2ZPNCGF3EWM,200,text/html; charset=utf-8,
https://www.dungeonbooks.com/product/cosmere-rpg-stormlight-world-guide/2KAC6NRESDTYDC32V4T4M75A,200,text/html; charset=utf-8,
https://www.dungeonbooks.com/product/crafting-for-sinners-by-jenny-kiefer-paperback-/VSMZPU4DRRQEKM3U2TXODVVS,200,text/html; charset=utf-8,
https://www.dungeonbooks.com/product/crashlander-by-larry-niven-vintage-/139,200,text/html; charset=utf-8,
https://www.dungeonbooks.com/product/crayons/DJLE4FLES2ZDFMVEXWOL6I3W,200,text/html; charset=utf-8,
https://www.dungeonbooks.com/product/creatures-from-fairy-tale-and-myth/631,200,text/html; charset=utf-8,
https://www.dungeonbooks.com/product/crescent-core-rules/RWUJLNOKRK6AVSXB7AQCPFSS,200,text/html; charset=utf-8,
https://www.dungeonbooks.com/product/crypt-of-the-moon-spider-lunar-gothic-trilogy-by-nathan-ballingrud-paperback-/KMWZI2QS7IXXIYX3QJRPM2A6,200,text/html; charset=utf-8,
https://www.dungeonbooks.com/product/cryptid-chronicles-mothman-choose-your-own-adventure-new-classics-by-cristin-bishara-paperback-/WWTJ4SIRS5Y3OMPV732WY57K,200,text/html; charset=utf-8,
https://www.dungeonbooks.com/product/crytime-deck-of-cards/790,200,text/html; charset=utf-8,
https://www.dungeonbooks.com/product/cursed-pirate-girl-by-jeremy-bastian/568,200,text/html; charset=utf-8,
https://www.dungeonbooks.com/product/crescent-city-house-of-earth-and-blood-by-sarah-j-maas/621,200,text/html; charset=utf-8,
https://www.dungeonbooks.com/product/cursed-scroll-zine-for-shadowdark/970,200,text/html; charset=utf-8,
https://www.dungeonbooks.com/product/cyberjutsu-by-ben-mccarty-paperback-/QLC6VHWMTEBMHEZKP5TK4EP3,200,text/html; charset=utf-8,
https://www.dungeonbooks.com/product/cybele-s-secret-wildwood-dancing-by-juliet-marillier-paperback-/XEHYAOGNBKXXWFUFP44MQCZL,200,text/html; charset=utf-8,
https://www.dungeonbooks.com/product/cy-borg-rpg/842,200,text/html; charset=utf-8,
https://www.dungeonbooks.com/product/daemon-by-daniel-suarez-paperback-/820,200,text/html; charset=utf-8,
https://www.dungeonbooks.com/product/daggerbound-swordheart-book-2-by-t-kingfisher/R6ESJIC3GOJU3337FS3A42G2,200,text/html; charset=utf-8,
https://www.dungeonbooks.com/product/cybersecurity-tabletop-exercises-by-robert-lelewski-john-hollenberger-paperback-/PUGAVMFIQX75TJW5EDRPNWU6,200,text/html; charset=utf-8,
https://www.dungeonbooks.com/product/daggerheart-class-pack-bard/UY4VDIZ32PGCG6UP3E7W7ZRS,200,text/html; charset=utf-8,
https://www.dungeonbooks.com/product/daggerheart-class-pack-druid/AZTF3MRMV5Q2FNAIVQERJG32,200,text/html; charset=utf-8,
https://www.dungeonbooks.com/product/daggerheart-class-pack-guardian/H3HVBZH5OVH7ETSCJZOSJDUU,200,text/html; charset=utf-8,
https://www.dungeonbooks.com/product/daggerheart-class-pack-ranger/QTK6NKHOLALCR7NMEKV4TLNL,200,text/html; charset=utf-8,
https://www.dungeonbooks.com/product/daggerheart-class-pack-seraph/SQXUVY74BCQ5NQXGQRWECW6J,200,text/html; charset=utf-8,
https://www.dungeonbooks.com/product/daggerheart-class-pack-rogue/O7T3FPKSDHZLLQGH73SYGOOF,200,text/html; charset=utf-8,
https://www.dungeonbooks.com/product/daggerheart-class-pack-sorcerer/RUWFOGWJVQCKE2R7V74ODK7Z,200,text/html; charset=utf-8,
https://www.dungeonbooks.com/product/daggerheart-class-pack-warrior/JMILGNP5CK7L2THMYUAT7GBZ,200,text/html; charset=utf-8,
https://www.dungeonbooks.com/product/daggerheart-class-pack-wizard/UXQ3X6XICQ3UBYHG7OCGV56P,200,text/html; charset=utf-8,
https://www.dungeonbooks.com/product/daggerheart-core-set/NP4BXQ56A2P3QL3VUAHCIQLY,200,text/html; charset=utf-8,
https://www.dungeonbooks.com/product/daggerheart-dice-set/QB6FVRIXXP2ZNGVA2CDQQR34,200,text/html; charset=utf-8,
https://www.dungeonbooks.com/product/daggerheart-hope-fear-deluxe-edition-pdf-/E7CKIUN2PLNW6OQU65ZCYL4T,200,text/html; charset=utf-8,
https://www.dungeonbooks.com/product/damned-doomed-condemned-by-gia-clark-grillo/351,200,text/html; charset=utf-8,
https://www.dungeonbooks.com/product/dangerous-visions-by-harlan-ellison-paperback-/1009,200,text/html; charset=utf-8,
https://www.dungeonbooks.com/product/dark-age-red-rising-series-book-5-by-pierce-brown/TRAFGJBKJIEK4SGUWTDEJFEH,200,text/html; charset=utf-8,
https://www.dungeonbooks.com/product/daggerheart-hope-fear-standard-edition-pdf-/BUBYXCFOS65IMOK3RDFHH3FI,200,text/html; charset=utf-8,
https://www.dungeonbooks.com/product/dark-fortean-times/1038,200,text/html; charset=utf-8,
https://www.dungeonbooks.com/product/daughter-of-crows-book-1-of-the-academy-of-kindness-by-mark-lawrence-hardcover-/UEY72ZWABXCFBC7HZYKSMDFZ,200,text/html; charset=utf-8,
https://www.dungeonbooks.com/product/darwath-trilogy-set-by-barbara-hambly/D3HPIX7JUZMQS633Z4ZYKB67,200,text/html; charset=utf-8,
https://www.dungeonbooks.com/product/daughter-of-smoke-and-bone-by-laini-taylor-daughter-of-smoke-and-bone-series-1-/VFKGKNBHCYIYJ5FBSG6GHOFT,200,text/html; charset=utf-8,
https://www.dungeonbooks.com/product/dark-archives-a-librarian-s-investigation-into-the-science-and-history-of-books-bound-in-human-skin-by-megan-rosenbloom/350,200,text/html; charset=utf-8,
https://www.dungeonbooks.com/product/dark-matter-a-novel-by-blake-crouch-paperback-/N7XSDKEHIMWLMNBRNGXQUTN4,200,text/html; charset=utf-8,
https://www.dungeonbooks.com/product/daughter-of-the-blood-by-anne-bishop-paperback-/XVTBIBNI6UAKKLSWJHNBCBAU,200,text/html; charset=utf-8,
https://www.dungeonbooks.com/product/david-b-mattingly-artwork/408,200,text/html; charset=utf-8,
https://www.dungeonbooks.com/product/dawn-of-the-firebird-deluxe-limited-edition-by-sarah-mughal-rana-hardcover-/IBKQC7GJ6EMW63SJGSHAHBLJ,200,text/html; charset=utf-8,
https://www.dungeonbooks.com/product/dawnshard-by-brandon-sanderson-hardcover-/679,200,text/html; charset=utf-8,
https://www.dungeonbooks.com/product/daughters-of-flood-and-fury-the-stormbringer-saga-by-gabriella-buba-paperback-/5WWUTNN6LHLZP6EAJR5ONFNM,200,text/html; charset=utf-8,
https://www.dungeonbooks.com/product/days-of-blood-and-starlight-by-laini-taylor-daughter-of-smoke-and-bone-series-2-/76E6ARE7GTDEKKKLSXE7R7GW,200,text/html; charset=utf-8,
https://www.dungeonbooks.com/product/de-smorkas-borg/HM52WNLLBFIFYG5H6NPLCGMF,200,text/html; charset=utf-8,
https://www.dungeonbooks.com/product/dead-hand-rule-craft-wars-by-max-gladstone-paperback-/TJ43VZOB7O3TBPSMREQLXOT5,200,text/html; charset=utf-8,
https://www.dungeonbooks.com/product/dating-and-dragons-by-kristy-boyce-paperback-/659,200,text/html; charset=utf-8,
https://www.dungeonbooks.com/product/dead-of-winter/336,200,text/html; charset=utf-8,
https://www.dungeonbooks.com/product/death-in-space-core-rulebook/316,200,text/html; charset=utf-8,
https://www.dungeonbooks.com/product/death-of-the-author-by-nnedi-okorafor-hardcover-/773,200,text/html; charset=utf-8,
https://www.dungeonbooks.com/product/dead-but-dreaming-of-electric-sheep-a-novel-by-paul-tremblay-hardcover-/HQDY7MIB2H5IW7FFZTPRS3K6,200,text/html; charset=utf-8,
https://www.dungeonbooks.com/product/dead-country-by-max-gladstone-paperback-/J5OUZTP3MY4X5KN2CGQDW3N6,200,text/html; charset=utf-8,
https://www.dungeonbooks.com/product/deep-secret-by-diana-wynne-jones/TDTUBPVFDJJZBD4I2SKQR6CL,200,text/html; charset=utf-8,
https://www.dungeonbooks.com/product/death-s-end-the-three-body-problem-series-book-3-by-cixin-liu-paperback-/1022,200,text/html; charset=utf-8,
https://www.dungeonbooks.com/product/defy-the-dusk-the-sundering-duet-1-by-danielle-l-jensen-deluxe-hardcover-/PV7TYM6VFCMDCSQ43HHZKAIK,200,text/html; charset=utf-8,
https://www.dungeonbooks.com/product/delta-green-agent-s-handbook-hardback-/FMQSU3O2AI3YBPBROXPFORUK,200,text/html; charset=utf-8,
https://www.dungeonbooks.com/product/delicious-in-dungeon/540,200,text/html; charset=utf-8,
https://www.dungeonbooks.com/product/delta-green-handler-s-guide-hardback-/OCF2ZGMIOLLFECXIZJPNXCZJ,200,text/html; charset=utf-8,
https://www.dungeonbooks.com/product/deluxe-monsters-aliens-and-holes-in-the-ground-deluxe-edition-by-stu-horvath-hardcover-/42S2WXJAEKVHQER52TWARJMT,200,text/html; charset=utf-8,
https://www.dungeonbooks.com/product/delvers-a-dungeon-adventure-comic-by-sam-mameli/8,200,text/html; charset=utf-8,
https://www.dungeonbooks.com/product/der-katzenprinz-other-zemnian-tales-hardcover-/727,200,text/html; charset=utf-8,
https://www.dungeonbooks.com/product/desert-moon-of-karth/462,200,text/html; charset=utf-8,
https://www.dungeonbooks.com/product/designing-secure-software-a-guide-for-developers-paperback-/JSPQ45HVWFLF2KGW3GT5A3FI,200,text/html; charset=utf-8,
https://www.dungeonbooks.com/product/devil-of-the-deep-by-falencia-jean-francois-paperback-signed-/VW6MWEHLSMKLRINU2GQXRTP2,200,text/html; charset=utf-8,
https://www.dungeonbooks.com/product/destiny-s-road-by-larry-niven-vintage-/180,200,text/html; charset=utf-8,
https://www.dungeonbooks.com/product/dialogues-by-stanislaw-lem-paperback-/FVT5CVINUI3BZYZVGNVV7GX7,200,text/html; charset=utf-8,
https://www.dungeonbooks.com/product/dice-tray/RM7TCPTQKYF6GNU3NHIL4MFH,200,text/html; charset=utf-8,
https://www.dungeonbooks.com/product/diavola-by-jennifer-thorne-paperback-/1024,200,text/html; charset=utf-8,
https://www.dungeonbooks.com/product/diego-fuego-the-firefighting-dragon-by-allison-rozo-rafael-rozo-hardcover-/27IXG7TTMVC5UVYOEPRXRKV7,200,text/html; charset=utf-8,
https://www.dungeonbooks.com/product/dinosaur-sanctuary-volume-1-by-itaru-kinoshita/AUKHCW52WN4NNIFHQL4TKAUL,200,text/html; charset=utf-8,
https://www.dungeonbooks.com/product/dirty-20-by-bill-schweigart-paperback-/45F7IDTJZHHF6BWX4W6R2JJ6,200,text/html; charset=utf-8,
https://www.dungeonbooks.com/product/dice-dragons-and-dwarves-the-abcs-of-adventure-by-kevin-and-chelsea-owens-board-book-/407,200,text/html; charset=utf-8,
https://www.dungeonbooks.com/product/dissolving-classroom-by-junji-ito/DH45PXZFHJTWDNU7SKCF6BTZ,200,text/html; charset=utf-8,
https://www.dungeonbooks.com/product/distress-signals-for-use-with-the-mothership-sci-fi-horror-rpg/355,200,text/html; charset=utf-8,
https://www.dungeonbooks.com/product/dispel-dice-set/575,200,text/html; charset=utf-8,
https://www.dungeonbooks.com/product/discount-armageddon-incryptid-by-seanan-mcguire-paperback-/7366GRK6AO7N7HXNQ4UCIZ5G,200,text/html; charset=utf-8,
https://www.dungeonbooks.com/product/dogs-in-medieval-manuscripts-by-kathleen-walker-meikle-hardcover-/697,200,text/html; charset=utf-8,
https://www.dungeonbooks.com/product/divergent-10th-anniversary-edition-divergent-series-book-1-by-veronica-roth-paperback-/YS4EZQP3GJQ2DNPN2CUIJ5FF,200,text/html; charset=utf-8,
https://www.dungeonbooks.com/product/dolmenwood-maps-book/UPE27O3BLY7B3VSGRM2VRM54,200,text/html; charset=utf-8,
https://www.dungeonbooks.com/product/dogs-of-war-by-adrian-tchaikovsky-paperback-/2VWGRRBN5IMQRI6BPJEHXE35,200,text/html; charset=utf-8,
https://www.dungeonbooks.com/product/dolmenwood-campaign-book/QD22347LVQ2PR5UGFGAXWZPT,200,text/html; charset=utf-8,
https://www.dungeonbooks.com/product/do-androids-dream-of-electric-sheep-by-philip-k-dick-paperback-/439,200,text/html; charset=utf-8,
https://www.dungeonbooks.com/product/dolmenwood-monster-book/NMZZ52ZZOHBR4AOOHB4FCVXW,200,text/html; charset=utf-8,
https://www.dungeonbooks.com/product/dolmenwood-player-s-book/NFH2NVEOMQUQWS2ABJULALVP,200,text/html; charset=utf-8,
https://www.dungeonbooks.com/product/dolmenwood-emelda-s-song/P2AE3VOYOLZXBJCVEOCL6G6U,200,text/html; charset=utf-8,
https://www.dungeonbooks.com/product/dolmenwood-the-fungus-that-cane-to-blackeswell/HGDDVCHXSHUYBYJ5HWLMVTNE,200,text/html; charset=utf-8,
https://www.dungeonbooks.com/product/dolmenwood-winter-s-daughter/313,200,text/html; charset=utf-8,
https://www.dungeonbooks.com/product/dominion-the-silk-and-iron-trilogy-by-jean-kwok-hardcover-/TKYI4BL64VM5AM6VNIZPPBKR,200,text/html; charset=utf-8,
https://www.dungeonbooks.com/product/don-t-touch-my-silly-little-goose-sticker-pretty-bad-co-/5QYHLC4KXSWBZOIJJOKRH6H7,200,text/html; charset=utf-8,
https://www.dungeonbooks.com/product/don-t-let-the-forest-in-by-cg-drews-hardcover-/GWLBF2JZ7IZ7PQYJIL2I5755,200,text/html; charset=utf-8,
https://www.dungeonbooks.com/product/dolmenwood-the-ruined-abbey-of-st-clewyd/XVC63JGECFIYCLSWOAJUIP32,200,text/html; charset=utf-8,
https://www.dungeonbooks.com/product/dost-thou-even-joust-sticker/XWYMYFYD7CYOWGLSPHOZHX7P,200,text/html; charset=utf-8,
https://www.dungeonbooks.com/product/dracula-by-bram-stoker/URY775QCETCHJDWDU2EUJKNI,200,text/html; charset=utf-8,
https://www.dungeonbooks.com/product/dragon-prince-book-1-by-melanie-rawn/207,200,text/html; charset=utf-8,
https://www.dungeonbooks.com/product/dracula-by-bram-stoker-hardcover-/2EITFLFCSME7UEIM6C7VPVGE,200,text/html; charset=utf-8,
https://www.dungeonbooks.com/product/dr-strange-master-of-the-mystic-arts/MJXDP3LJLDCCMQJNYACGCBIK,200,text/html; charset=utf-8,
https://www.dungeonbooks.com/product/dragon-slayers/G4POEWQMBXQUABZVA45LITWI,200,text/html; charset=utf-8,
https://www.dungeonbooks.com/product/dragon-quest-the-mark-of-erdrick-01-by-kamui-fujiwara/BAHC62LNUZOVMYJAD6K3XDXE,200,text/html; charset=utf-8,
https://www.dungeonbooks.com/product/dragonborn-by-struan-murray-hardcover-/XTI4F4OLELEQWORHAHC2M3OM,200,text/html; charset=utf-8,
https://www.dungeonbooks.com/product/dragonlance-legends-volume-1-time-of-the-twins-vintage-/HAX7QQUVA45GP76SPI56LGHP,200,text/html; charset=utf-8,
https://www.dungeonbooks.com/product/dragonlance-tales-ii-trilogy-vol-3-the-war-of-the-lance-vintage-/QU6FKQSS3XW4TR32OAX2OSFQ,200,text/html; charset=utf-8,
https://www.dungeonbooks.com/product/dragonlance-tales-ii-trilogy-vol-1-the-reign-of-istar-vintage-/4U7FNGSVYRJ3EJDTE3JRFDFE,200,text/html; charset=utf-8,
https://www.dungeonbooks.com/product/dragonbane-core-set/56,200,text/html; charset=utf-8,
https://www.dungeonbooks.com/product/dragonlance-tales-volume-2-kender-gully-dwarves-and-gnomes-vintage-/AHP7HXZRZLXNBZSZ3SLUY3EJ,200,text/html; charset=utf-8,
https://www.dungeonbooks.com/product/dragons-and-unicorns-by-paul-johnsgard-karin-johnsgard-paperback-/O56EQ3B4DU3FI3XMV7ECPLGV,200,text/html; charset=utf-8,
https://www.dungeonbooks.com/product/dragons-of-the-forest-by-tomislav-tomic-puzzle-/R5LKO3BVL5T3WBWUON352AFB,200,text/html; charset=utf-8,
https://www.dungeonbooks.com/product/dragonslayer-by-wayland-drew-vintage-/227,200,text/html; charset=utf-8,
https://www.dungeonbooks.com/product/dreadful-by-caitlin-rozakis-paperback-signed-/6OYH54R4WOBOZJTPDLWJUT7B,200,text/html; charset=utf-8,
https://www.dungeonbooks.com/product/drawn-onward-by-daniel-nayeri-hardcover-/GCXPKRL2ACRRHIJQPGU56AMI,200,text/html; charset=utf-8,
https://www.dungeonbooks.com/product/dream-fragment-mothership-/AXIHYAIQCU2AAQCZBPOE5AGN,200,text/html; charset=utf-8,
https://www.dungeonbooks.com/product/dreams-of-gods-and-monsters-daughter-of-smoke-and-bone-series-3-by-laini-taylor-paperback-/PHFGRTZX4U6NCTMPRUEDY63B,200,text/html; charset=utf-8,
https://www.dungeonbooks.com/product/dreaming-in-color-a-collection-of-work-by-natalie-andrewson/4GHQY6WNV5HI4H6E7NCUM4XS,200,text/html; charset=utf-8,
https://www.dungeonbooks.com/product/drug-addled/1039,200,text/html; charset=utf-8,
https://www.dungeonbooks.com/product/dune-by-frank-herbert-paperback-/450,200,text/html; charset=utf-8,
https://www.dungeonbooks.com/product/dungeon-books-community-fund/7,200,text/html; charset=utf-8,
https://www.dungeonbooks.com/product/dungeon-books-merchandise/822,200,text/html; charset=utf-8,
https://www.dungeonbooks.com/product/dungeon-books-t-shirt/UBVEAFATEK255UW5FXPIIATN,200,text/html; charset=utf-8,
https://www.dungeonbooks.com/product/dukk-b-rg/813,200,text/html; charset=utf-8,
https://www.dungeonbooks.com/product/dungeon-books-tote-bag/ZIG3PSHNN2AB42KDGQV7OR6D,200,text/html; charset=utf-8,
https://www.dungeonbooks.com/product/dungeon-craft-game-pieces-of-dread/2M7YPRF7MWWOJW5V25VZQJKX,200,text/html; charset=utf-8,
https://www.dungeonbooks.com/product/dungeon-craft-map-collection-lost-world/ORIBTBWYPEMB74UZ2MTII7LG,200,text/html; charset=utf-8,
https://www.dungeonbooks.com/product/dungeon-craft-over-1-000-map-pieces-volume-1-/PS4L36YXIU6GPOWTG43IRA5Z,200,text/html; charset=utf-8,
https://www.dungeonbooks.com/product/dungeon-crawl-at-the-haunted-mall-by-jendia-gammon/DYRIY3DR4MX4I2YN2LY7Q7F2,200,text/html; charset=utf-8,
https://www.dungeonbooks.com/product/dungeon-crawler-carl-dungeon-crawler-carl-book-1-by-matt-dinniman-paperback-/GHZPBSXSDWH76RH6HP5SBMJT,200,text/html; charset=utf-8,
https://www.dungeonbooks.com/product/dungeon-crawler-carl-dungeon-crawler-carl-book-1-by-matt-dinniman-hardcover-/78,200,text/html; charset=utf-8,
https://www.dungeonbooks.com/product/dungeon-crawler-carl-vol-1-graphic-novel-by-matt-dinniman-paperback-/VI3CL4LRCNBOUKMFRRTUNHYY,200,text/html; charset=utf-8,
https://www.dungeonbooks.com/product/dungeon-crawler-carl-deluxe-edition-by-matt-dinniman-hardcover-/P7EXWQQPVT7FALG7GY5I5MR7,200,text/html; charset=utf-8,
https://www.dungeonbooks.com/product/dungeon-year-design-journal-condensed/OV4WTZJWN555AIFZPVSOWAVV,200,text/html; charset=utf-8,
https://www.dungeonbooks.com/product/dungeons-dragons-2024-dungeon-master-s-guide/461,200,text/html; charset=utf-8,
https://www.dungeonbooks.com/product/dungeons-dragons-2024-monster-manual/666,200,text/html; charset=utf-8,
https://www.dungeonbooks.com/product/dungeons-dragons-2024-monster-manual-alternate-cover-/667,200,text/html; charset=utf-8,
https://www.dungeonbooks.com/product/dungeons-dragons-2024-player-s-handbook/9,200,text/html; charset=utf-8,
https://www.dungeonbooks.com/product/dungeons-dragons-2024-player-s-handbook-alternate-cover-/10,200,text/html; charset=utf-8,
https://www.dungeonbooks.com/product/dungeons-dragons-forgotten-realms-expansion/HI2V3RERPPY74PEP5RAPHY7E,200,text/html; charset=utf-8,
https://www.dungeonbooks.com/product/dungeons-dragons-by-django-wexler-paperback-/785,200,text/html; charset=utf-8,
https://www.dungeonbooks.com/product/dungeons-dragons-forgotten-realms-player-expansion-by-wizards-of-the-coast/EGHSP77376LG2FL57NBVKG3M,200,text/html; charset=utf-8,
https://www.dungeonbooks.com/product/dungeons-dragons-an-endless-quest-book/498,200,text/html; charset=utf-8,
https://www.dungeonbooks.com/product/dungeons-dragons-candlekeep-mysteries/844,200,text/html; charset=utf-8,
https://www.dungeonbooks.com/product/dungeons-dragons-stranger-things-welcome-to-the-hellfire-club-adventure-game/4XMYXMOIQCF6XLVDLBQRB4U6,200,text/html; charset=utf-8,
https://www.dungeonbooks.com/product/dungeons-dragons-characters-quests-a-young-adventurer-s-workbook-for-creating-a-hero-and-telling-their-tale/442,200,text/html; charset=utf-8,
https://www.dungeonbooks.com/product/dungeons-dragons-a-young-adventurer-s-guide-series-hardcover-/110,200,text/html; charset=utf-8,
https://www.dungeonbooks.com/product/dungeons-dragons-dragon-delves-d-d-adventure-anthology-/ZXV7XBVIZQ6NMMZPXCFNGXHT,200,text/html; charset=utf-8,
https://www.dungeonbooks.com/product/dungeons-dragons-dragon-delves-limited-edition-alternate-cover/66PJCVLXEKDWU4PTV476PF4I,200,text/html; charset=utf-8,
https://www.dungeonbooks.com/product/dungeons-dragons-curse-of-strahd/317,200,text/html; charset=utf-8,
https://www.dungeonbooks.com/product/dungeons-dragons-honor-among-thieves-the-druid-s-call/779,200,text/html; charset=utf-8,
https://www.dungeonbooks.com/product/dungeons-dragons-heroes-of-the-borderlands-starter-set/KJ2YLD7ASHRZF4MQRCGOQEXP,200,text/html; charset=utf-8,
https://www.dungeonbooks.com/product/dungeons-dragons-rpg-eberron-forge-of-the-artificer-alternate-hard-cover/2XBP4MS5DCWAPPDOIP7Q6W6U,200,text/html; charset=utf-8,
https://www.dungeonbooks.com/product/dungeons-dragons-quests-from-the-infinite-staircase/845,200,text/html; charset=utf-8,
https://www.dungeonbooks.com/product/dungeons-dragons-ravenloft-the-horrors-within/4ZHCYPWP6AYAEWWZGAGRQMXC,200,text/html; charset=utf-8,
https://www.dungeonbooks.com/product/dungeons-dragons-ravenloft-the-horrors-within-alternate-cover-/7FQ5HGJB7BYNLY3ILFBQH7M3,200,text/html; charset=utf-8,
https://www.dungeonbooks.com/product/dungeons-dragons-mimic-figurine-rp-minis-by-aidan-moher-paperback-/882,200,text/html; charset=utf-8,
https://www.dungeonbooks.com/product/dungeons-dragons-keys-from-the-golden-vault/846,200,text/html; charset=utf-8,
https://www.dungeonbooks.com/product/dungeons-dragons-spelljammer-adventures-in-space/43KH6AYDPKKAPO4OQ5XZGT2I,200,text/html; charset=utf-8,
https://www.dungeonbooks.com/product/dungeons-dragons-strixhaven-a-curriculum-of-chaos/Z26V6EEFCV4KQ3MO66PSHR56,200,text/html; charset=utf-8,
https://www.dungeonbooks.com/product/dungeons-dragons-van-richten-s-guide-to-ravenloft/318,200,text/html; charset=utf-8,
https://www.dungeonbooks.com/product/dungeons-dragons-tasha-s-cauldron-of-everything/4Y4KML7R35EPAV7J4DBTVI7R,200,text/html; charset=utf-8,
https://www.dungeonbooks.com/product/dungeons-and-drama-by-kristy-boyce-paperback-/539,200,text/html; charset=utf-8,
https://www.dungeonbooks.com/product/dungeons-dragons-xanathar-s-guide-to-everything/CVXDLZJMHIK6YVD2VQN5TWV5,200,text/html; charset=utf-8,
https://www.dungeonbooks.com/product/dust-silo-book-3-by-hugh-howey-paperback-/998,200,text/html; charset=utf-8,
https://www.dungeonbooks.com/product/dungeons-dragons-vecna-eve-of-ruin/843,200,text/html; charset=utf-8,
https://www.dungeonbooks.com/product/dungeons-dragons-the-fallbacks-dealing-with-dragons-by-jaleigh-johnson-hardcover-/2KHNORTBQGUHWTU7C4XUUHK3,200,text/html; charset=utf-8,
https://www.dungeonbooks.com/product/dwelling/V2OSCKZQCUGA2MAGZUBYWRYN,200,text/html; charset=utf-8,
https://www.dungeonbooks.com/product/eat-the-reich/55,200,text/html; charset=utf-8,
https://www.dungeonbooks.com/product/dwelling-by-emily-hunt-kivel-hardcover-/LJ2JMDKSL7HIZYYZOQ6AFTRA,200,text/html; charset=utf-8,
https://www.dungeonbooks.com/product/edgedancer-by-brandon-sanderson-hardcover-/678,200,text/html; charset=utf-8,
https://www.dungeonbooks.com/product/electric-forest-by-tanith-lee-paperback-/742,200,text/html; charset=utf-8,
https://www.dungeonbooks.com/product/eerie-east-anglia-fearful-tales-of-field-and-fen-edited-by-edward-parnell-paperback-/2ADGRKTGJKF25QGH5VWYNKC6,200,text/html; charset=utf-8,
https://www.dungeonbooks.com/product/elphie-by-gregory-maguire-hardcover-/983,200,text/html; charset=utf-8,
https://www.dungeonbooks.com/product/elric-of-melnibon-the-elric-saga-part-1-by-michael-moorcock/VIIHU5AD3ROPQEEKUMIWO76K,200,text/html; charset=utf-8,
https://www.dungeonbooks.com/product/emerald-enchanter-by-joe-dever-vintage-/209,200,text/html; charset=utf-8,
https://www.dungeonbooks.com/product/emily-wilde-s-compendium-of-lost-tales-by-heather-fawcett-hardcover-/JYJS2A4LMS6XLQSG5UPEHY2S,200,text/html; charset=utf-8,
https://www.dungeonbooks.com/product/emily-wilde-s-encyclopaedia-of-faeries-by-heather-fawcett-hardcover-/553,200,text/html; charset=utf-8,
https://www.dungeonbooks.com/product/empire-of-silence-the-sun-eater-book-one-by-christopher-ruocchio/3ARQV5YGQEKMLSKQDJCXOTP6,200,text/html; charset=utf-8,
https://www.dungeonbooks.com/product/enchantment-dismantled-superstition-and-the-thinking-irrationalist/888,200,text/html; charset=utf-8,
https://www.dungeonbooks.com/product/enchantra-wicked-games-book-2-by-kaylie-smith-paperback-/AFFPJGNBSSVMQTTQOYL2HNDW,200,text/html; charset=utf-8,
https://www.dungeonbooks.com/product/emily-wilde-s-map-of-the-otherlands-by-heather-fawcett-hardcover-/OI7N56MRQLE6VSFP7PW37CKY,200,text/html; charset=utf-8,
https://www.dungeonbooks.com/product/ender-s-game-by-orson-scott-card-paperback-/401,200,text/html; charset=utf-8,
https://www.dungeonbooks.com/product/emperor-of-thorns-broken-empire-3-by-mark-lawrence-paperback-/Y777J5XFLWUD6IRAE5SHCQRH,200,text/html; charset=utf-8,
https://www.dungeonbooks.com/product/endlessly-ever-after-pick-your-path-to-countless-fairy-tale-endings-by-laurel-snyder-hardcover-/46RCVH25EG7HJXD6YYEQYGAE,200,text/html; charset=utf-8,
https://www.dungeonbooks.com/product/endymion-hyperion-cantos-book-3-by-dan-simmons-mass-market-paperback-/GKNTRTHCKKQQ74UINJ6H2E2I,200,text/html; charset=utf-8,
https://www.dungeonbooks.com/product/eragon-inheritance-book-1-by-christopher-paolini-paperback-/7SPCZQJZLZCWG5DGLT6D4DI6,200,text/html; charset=utf-8,
https://www.dungeonbooks.com/product/escape-from-hell-by-larry-niven-jerry-pournelle-vintage-/163,200,text/html; charset=utf-8,
https://www.dungeonbooks.com/product/estate-of-play/HRGDGIEGXLWOYEJWDABWJQAJ,200,text/html; charset=utf-8,
https://www.dungeonbooks.com/product/evasive-malware-by-kyle-cucci-paperback-/HCMRM6RKPZJNSIQZE6BZ7MPV,200,text/html; charset=utf-8,
https://www.dungeonbooks.com/product/evil-roots-killer-tales-of-the-botanical-gothic-tales-of-the-weird-/899,200,text/html; charset=utf-8,
https://www.dungeonbooks.com/product/every-heart-a-doorway-by-seanan-mcguire-paperback-/618,200,text/html; charset=utf-8,
https://www.dungeonbooks.com/product/evil-hat-productions-blades-in-the-dark-ttrpg/MZAVK6ZS2YX6KL45DLOUXHGQ,200,text/html; charset=utf-8,
https://www.dungeonbooks.com/product/ex-mag-3/4RYPWA2WLJMNZISCJAAKXVTW,200,text/html; charset=utf-8,
https://www.dungeonbooks.com/product/ex-mag-6/LVE3RR5G4PLM46H2HS4IZ3BR,200,text/html; charset=utf-8,
https://www.dungeonbooks.com/product/exhalation-by-ted-chiang-paperback-/LD2QO6HZSC7UZFSJTU53GFO4,200,text/html; charset=utf-8,
https://www.dungeonbooks.com/product/exile-dark-fantasy-rpg/HEHFZYF565JH3OE4E53WYGSP,200,text/html; charset=utf-8,
https://www.dungeonbooks.com/product/exiles-by-mason-coile-andrew-pyper-hardcover-/ZUXXX27UP5NMOCQYB6CCMDA6,200,text/html; charset=utf-8,
https://www.dungeonbooks.com/product/exit-party-by-emily-st-john-mandel-hardcover-/MEWEFRHT6RV6FWG4FBKONVRS,200,text/html; charset=utf-8,
https://www.dungeonbooks.com/product/exploding-the-tangerine-a-shy-person-s-guide-to-battle-magic/887,200,text/html; charset=utf-8,
https://www.dungeonbooks.com/product/exit-strategy-the-murderbot-diaries-book-4-by-martha-wells/1019,200,text/html; charset=utf-8,
https://www.dungeonbooks.com/product/fabula-ultima-ttjrpg-core-rulebook-ndgfue001-/H64J7KX4EH5DK3SN75L2FFHU,200,text/html; charset=utf-8,
https://www.dungeonbooks.com/product/faebind/851,200,text/html; charset=utf-8,
https://www.dungeonbooks.com/product/fables-werewolves-of-the-heartland/Q55ZZW635EBQ6EKU7NSIWNZ2,200,text/html; charset=utf-8,
https://www.dungeonbooks.com/product/fairest-in-all-the-land-vertigo-hardcover-/Q67A2F3MQHNCG64T3AFAECWQ,200,text/html; charset=utf-8,
https://www.dungeonbooks.com/product/fabulous-bodies-by-chuck-tingle-hardcover-/W5XZKQH6VCRI3EQHPUKZHFY5,200,text/html; charset=utf-8,
https://www.dungeonbooks.com/product/fairest-the-clamour-for-glamour/NVHGTLFR5EI4TER562LXU7ZW,200,text/html; charset=utf-8,
https://www.dungeonbooks.com/product/fairest-the-return-of-the-maharaja/N2IH2A7SMS7P5753LDJT4XVW,200,text/html; charset=utf-8,
https://www.dungeonbooks.com/product/fairest-wide-awake/JLPHMGG6PG7KQMKB355YZ4EJ,200,text/html; charset=utf-8,
https://www.dungeonbooks.com/product/fahrenheit-451-by-ray-bradbury-paperback-/532,200,text/html; charset=utf-8,
https://www.dungeonbooks.com/product/fairest-of-mice-and-men-vertigo-/S6XFPYVKQY4CYLZCM26O62CY,200,text/html; charset=utf-8,
https://www.dungeonbooks.com/product/fairies-a-celebration-of-pixies-sprites-nymphs-and-brownies-by-dominic-connolly/428,200,text/html; charset=utf-8,
https://www.dungeonbooks.com/product/fall-of-the-argosi-by-sebastien-de-castell-paperback-/CRBZQHLOPTWUDUOAWK7H243X,200,text/html; charset=utf-8,
https://www.dungeonbooks.com/product/faithbreaker-the-fallen-gods-trilogy-book-3-by-hannah-kaner-paperback-/993,200,text/html; charset=utf-8,
https://www.dungeonbooks.com/product/fallen-city-deluxe-edition-by-adrienne-young-hardcover-/LL5LHGREBWKVOOZQLOTM5ANM,200,text/html; charset=utf-8,
https://www.dungeonbooks.com/product/fate-core-system/TLZQJNL35JBIZ4XVNMK4RT55,200,text/html; charset=utf-8,
https://www.dungeonbooks.com/product/fate-condensed/26,200,text/html; charset=utf-8,
https://www.dungeonbooks.com/product/fantology/248,200,text/html; charset=utf-8,
https://www.dungeonbooks.com/product/fearsome-fairies-haunting-tales-of-the-fae-hardcover-/901,200,text/html; charset=utf-8,
https://www.dungeonbooks.com/product/fetch-my-blade/2YRHWW6MHTADSZ4IV7ZFAR6S,200,text/html; charset=utf-8,
https://www.dungeonbooks.com/product/fever-dream-a-novel-by-samanta-schweblin-paperback-/NT25Q47W3EV27O3JIMQJDGVW,200,text/html; charset=utf-8,
https://www.dungeonbooks.com/product/fevered-star-between-earth-and-sky-book-2-by-rebecca-roanhorse/BO72UVZOFST4WBKBTSSH7VCB,200,text/html; charset=utf-8,
https://www.dungeonbooks.com/product/fetal-position-by-carolyn-huynh-hardcover-/TFQSIGRG2AJYAZSY6RPKGZPC,200,text/html; charset=utf-8,
https://www.dungeonbooks.com/product/fighting-fantasy-steve-jackson-ian-livingstone/40,200,text/html; charset=utf-8,
https://www.dungeonbooks.com/product/fiend-folio/496,200,text/html; charset=utf-8,
https://www.dungeonbooks.com/product/fiddler-s-green-9-akashic-ashcan/LRPQWXWRZWPJYZP65WDVZBJK,200,text/html; charset=utf-8,
https://www.dungeonbooks.com/product/find-me-where-it-ends-by-cassandra-khaw-hardcover-/NHWEP6HSQTVHH2WCSEO366Q4,200,text/html; charset=utf-8,
https://www.dungeonbooks.com/product/fishbone-cinderella-by-elizabeth-lim-hardcover-/YDOCRUAG3TYZR4PT3AMJA744,200,text/html; charset=utf-8,
https://www.dungeonbooks.com/product/finder-the-finder-chronicles-by-suzanne-palmer-paperback-/SIGTQFVUPWO4V4VVFRQMWHQT,200,text/html; charset=utf-8,
https://www.dungeonbooks.com/product/fishbone-cinderella-by-elizabeth-lim-hardcover-/ULYHOYFUGXRJUF5PC2A7Q3P7,200,text/html; charset=utf-8,
https://www.dungeonbooks.com/product/flames-of-orion-bunker-sheet-pad/PMHBK5F3NWCDLAKN2QAIMUCT,200,text/html; charset=utf-8,
https://www.dungeonbooks.com/product/flatlander-by-larry-niven-vintage-/245,200,text/html; charset=utf-8,
https://www.dungeonbooks.com/product/flames-of-orion-rulebook/P72SEZOQ6JRUFXDFIK7GKXLK,200,text/html; charset=utf-8,
https://www.dungeonbooks.com/product/flickerstate-by-f-a-davidson-hardcover-/EIXLCCIZXBVSGB2PUAVZGMIG,200,text/html; charset=utf-8,
https://www.dungeonbooks.com/product/five-hundred-year-old-vampire/EPVYQ5D6GYMNHS5PWTP4VM7H,200,text/html; charset=utf-8,
https://www.dungeonbooks.com/product/flint-mirror-by-john-crowley-fantasy-/XXLFD53QALLR65I6QDPATAR3,200,text/html; charset=utf-8,
https://www.dungeonbooks.com/product/flux-by-jinwoo-chong-paperback-/STPX5BJF4KCPGVAMYBXOGJB6,200,text/html; charset=utf-8,
https://www.dungeonbooks.com/product/flying-witch-2/DN76ALZJFSZR6VP4X7FXXNQN,200,text/html; charset=utf-8,
https://www.dungeonbooks.com/product/foo-10-02-supplies-catalog-i/HXSRV5R4SMY3KUNCE7YR7IBX,200,text/html; charset=utf-8,
https://www.dungeonbooks.com/product/flying-witch-volume-1-by-chihiro-ishizuka/SHE4MENU4TT2YXXV2V7ZMMKZ,200,text/html; charset=utf-8,
https://www.dungeonbooks.com/product/flying-witch-4/M7V5HF2IMPGUDNZNIBERSWCH,200,text/html; charset=utf-8,
https://www.dungeonbooks.com/product/foo-10-03-supplies-catalog-ii/NDO6HOIMR7XJWOOXL6WWXVQV,200,text/html; charset=utf-8,
https://www.dungeonbooks.com/product/foo-10-04-guerrilla-warfare/VL4HMOE5KUJ6X55MRIYCIHD3,200,text/html; charset=utf-8,
https://www.dungeonbooks.com/product/footfall-by-larry-niven-jerry-pournelle-vintage-/162,200,text/html; charset=utf-8,
https://www.dungeonbooks.com/product/for-no-mortal-creature-by-keshe-chow-hardcover-/FXJ322D2STAEC7LKRIQB3DH2,200,text/html; charset=utf-8,
https://www.dungeonbooks.com/product/for-the-queen-a-storytelling-game/4LYBN4K22YXTLQYQY3HYNNYK,200,text/html; charset=utf-8,
https://www.dungeonbooks.com/product/for-the-throne-the-wilderwood-volume-2-by-hannah-whitten-paperback-/853,200,text/html; charset=utf-8,
https://www.dungeonbooks.com/product/for-the-queen/102,200,text/html; charset=utf-8,
https://www.dungeonbooks.com/product/for-the-wolf-the-wilderwood-volume-1-by-hannah-whitten-paperback-/852,200,text/html; charset=utf-8,
https://www.dungeonbooks.com/product/for-whom-the-belle-tolls-deluxe-limited-edition-by-jaysea-lynn-hardcover-/FEP7MFSAK5FQ7PVNX5VKDJQW,200,text/html; charset=utf-8,
https://www.dungeonbooks.com/product/flying-witch-3/WJPSQSEIGWHU2CLN3DAAQRMK,200,text/html; charset=utf-8,
https://www.dungeonbooks.com/product/forgotten-realms-adventures-in-faerun-dungeon-master-expansion-alternate-cover-/NX7G22OYTMIB67SLLVE52AK2,200,text/html; charset=utf-8,
https://www.dungeonbooks.com/product/forest-of-a-thousand-lanterns-rise-of-the-empress-1-by-julie-c-dao-paperback-/UNSAYCLJJC36WYNB6MFHW6E7,200,text/html; charset=utf-8,
https://www.dungeonbooks.com/product/forecast-from-stonehenge-choose-your-own-adventure-19-by-r-a-montgomery/V6DI24EIZKN3ROQBKFYM3BXS,200,text/html; charset=utf-8,
https://www.dungeonbooks.com/product/forgotten-realms-heroes-of-faerun-player-expansion-alternate-cover-/WJ6YHBOXNN2LX2IJEPUHWOGR,200,text/html; charset=utf-8,
https://www.dungeonbooks.com/product/foundryside-by-robert-jackson-bennett-paperback-/589,200,text/html; charset=utf-8,
https://www.dungeonbooks.com/product/fourth-wing-by-rebecca-yarros-paperback-/DJZGTOQSPJLBNBJBHUJLV4F5,200,text/html; charset=utf-8,
https://www.dungeonbooks.com/product/frank-miller-s-pandora-book-1-by-frank-miller-anthony-maranville-chris-silvestri-hardcover-/FIHFXPKPP74RP4QGFAXWRNEV,200,text/html; charset=utf-8,
https://www.dungeonbooks.com/product/frankenstein-by-junji-ito/533,200,text/html; charset=utf-8,
https://www.dungeonbooks.com/product/frankenstein-by-mary-shelley/303,200,text/html; charset=utf-8,
https://www.dungeonbooks.com/product/frieren-beyond-journey-s-end-volume-1-by-kanehito-yamada/505,200,text/html; charset=utf-8,
https://www.dungeonbooks.com/product/fresh-fish-postcard-tale-of-jersey-devil/M6PBV6A33ENGZYPDSIFOCWPO,200,text/html; charset=utf-8,
https://www.dungeonbooks.com/product/futuristic-violence-and-fancy-suits-zoey-ashe-1-by-jason-pargin-david-wong/927,200,text/html; charset=utf-8,
https://www.dungeonbooks.com/product/game-envy-phalanx-squad-3-brush-variety-set/QRPXQKA4PP4HJ4J27S2PBXU7,200,text/html; charset=utf-8,
https://www.dungeonbooks.com/product/game-envy-brush-cleaner/FQNVFHKEDCJY2UKJMBO5KG6L,200,text/html; charset=utf-8,
https://www.dungeonbooks.com/product/game-envy-exemplar-wet-palette-dual-density-sponge-2-pack/VBN3OHWVKPPLQD5QRBRJZHO5,200,text/html; charset=utf-8,
https://www.dungeonbooks.com/product/game-envy-hobby-holder-2-part-set-black-/SKHYF4ETYR7ZYVSVZJ53NYJI,200,text/html; charset=utf-8,
https://www.dungeonbooks.com/product/game-envy-exemplar-wet-palette-paper-refill-pack/FI5PALL63OLHDUITKT7WLIUO,200,text/html; charset=utf-8,
https://www.dungeonbooks.com/product/game-envy-large-cork-inserts-3-pack-/GDQ73O6B56QLKEPI6TZHAFWV,200,text/html; charset=utf-8,
https://www.dungeonbooks.com/product/game-envy-medium-cork-insert-3-pack-/2ELDHHYQDTX5XPTSGJ5RN74H,200,text/html; charset=utf-8,
https://www.dungeonbooks.com/product/game-envy-phalanx-select-kolinsky-sable-3-brush-set/COAUUBB2BEIFEGINXVUS2TBT,200,text/html; charset=utf-8,
https://www.dungeonbooks.com/product/game-envy-exemplar-go-wet-palette/UG457YO2MFEYK6O5RFHOVVVH,200,text/html; charset=utf-8,
https://www.dungeonbooks.com/product/game-envy-small-cork-inserts-6-pack-/ZYANITBBCXRFWDVOOIG4WYVE,200,text/html; charset=utf-8,
https://www.dungeonbooks.com/product/game-envy-pop-up-rinse-cup/PYSSZYGJBIIUQFRTAGZL5PK6,200,text/html; charset=utf-8,
https://www.dungeonbooks.com/product/garden-of-spheres/PMNDLEAUJKBCOBLX7AOCJBJF,200,text/html; charset=utf-8,
https://www.dungeonbooks.com/product/gardens-of-the-moon-malazan-book-of-the-fallen-by-steven-erikson-paperback-/XI4TU5X5A533FAFESO6MPL4M,200,text/html; charset=utf-8,
https://www.dungeonbooks.com/product/gen13-best-of-a-bad-lot/2IBWI4DRIOMVOVMJWG3H5S5P,200,text/html; charset=utf-8,
https://www.dungeonbooks.com/product/ghost-stories/338,200,text/html; charset=utf-8,
https://www.dungeonbooks.com/product/gaming-candle/KBQT55QD2GMXDTAOU2SDSP6H,200,text/html; charset=utf-8,
https://www.dungeonbooks.com/product/gideon-the-ninth-by-tamsyn-muir-hardcover-/UNACO7RGM5K6PQTY2CEF6RCF,200,text/html; charset=utf-8,
https://www.dungeonbooks.com/product/gideon-the-ninth-by-tamsyn-muir-paperback-/DO3ZX6NSRSAH45KP5THSHPYF,200,text/html; charset=utf-8,
https://www.dungeonbooks.com/product/gifted-talented-by-olivie-blake-hardcover-/906,200,text/html; charset=utf-8,
https://www.dungeonbooks.com/product/gil-s-all-fright-diner-by-a-lee-martinez-paperback-/3OTUB3K6A7WRCX4JVOQJHCBN,200,text/html; charset=utf-8,
https://www.dungeonbooks.com/product/gig-economy/16,200,text/html; charset=utf-8,
https://www.dungeonbooks.com/product/girl-by-moonlight/5ZCNIHIOSD5IO5ULD6J6ZZZT,200,text/html; charset=utf-8,
https://www.dungeonbooks.com/product/glaive-issue-03/BNT5YUBLZD25KFBZHJ4QI7JL,200,text/html; charset=utf-8,
https://www.dungeonbooks.com/product/girl-dinner-by-olivie-blake-hardcover-/VN6GI2PKWXVFWXFVN63UHKY5,200,text/html; charset=utf-8,
https://www.dungeonbooks.com/product/glide-a-solo-cooperative-sci-fi-rpg-adventure/109,200,text/html; charset=utf-8,
https://www.dungeonbooks.com/product/gnomes-by-wil-huygen/279,200,text/html; charset=utf-8,
https://www.dungeonbooks.com/product/gmt-time-dreams-by-mark-wang/269,200,text/html; charset=utf-8,
https://www.dungeonbooks.com/product/gnomes-by-wil-huygen-hardcover-/O7AWAYW7AW7CRPOPHE4YLXMT,200,text/html; charset=utf-8,
https://www.dungeonbooks.com/product/godkiller-fallen-gods-book-1-by-hannah-kaner-paperback-/999,200,text/html; charset=utf-8,
https://www.dungeonbooks.com/product/goblin-market-by-diane-zahler-paperback-/HOQ3WPBQGNXOL2KNX2WIIN4X,200,text/html; charset=utf-8,
https://www.dungeonbooks.com/product/godkiller-vol-1-walk-among-us/530,200,text/html; charset=utf-8,
https://www.dungeonbooks.com/product/gods-of-jade-and-shadow-by-silvia-moreno-garcia-paperback-/F4IA5FMFCJRUNABOHPP3SOEB,200,text/html; charset=utf-8,
https://www.dungeonbooks.com/product/golden-son-red-rising-2-by-pierce-brown-paperback-/HSIIWM6XWPNOLCVMYIQCRJEN,200,text/html; charset=utf-8,
https://www.dungeonbooks.com/product/goldenborn-by-ama-ofosua-lieb-hardcover-/CXPWAU3AF7OZPH4FVYDE44U7,200,text/html; charset=utf-8,
https://www.dungeonbooks.com/product/goldie-vance-volume-2/6Z6NO575GED2TFPDPGM4FCPM,200,text/html; charset=utf-8,
https://www.dungeonbooks.com/product/goldie-vance-volume-1-by-hope-larson/VCRYCQJR5RTXPHTFWKVQ6D2G,200,text/html; charset=utf-8,
https://www.dungeonbooks.com/product/good-juju-ink-greeting-cards/FJWO3VCIOPO6I5Q2QZOHNYCG,200,text/html; charset=utf-8,
https://www.dungeonbooks.com/product/gods-of-mars-a-barsoom-novel-2-by-edgar-rice-burroughs-paperback-/SKATVQXFZP2DN244L7PT2DKV,200,text/html; charset=utf-8,
https://www.dungeonbooks.com/product/gradient-descent/359,200,text/html; charset=utf-8,
https://www.dungeonbooks.com/product/graceless-heart-by-isabel-iba-ez-hardcover-/VJDRRAVO4LHOSH2FPJHC26N4,200,text/html; charset=utf-8,
https://www.dungeonbooks.com/product/grand-old-oak-and-the-birthday-ball-a-search-and-find-adventure-by-rachel-piercey-illustrated-by-freya-hartas/JEZZK4XD3IP7TFKD5PVNDEKV,200,text/html; charset=utf-8,
https://www.dungeonbooks.com/product/grave-empire-the-great-silence-1-by-richard-swan-paperback-/WZUFQ7SP7CDV7C7NB7XWTKED,200,text/html; charset=utf-8,
https://www.dungeonbooks.com/product/graven-images-the-art-of-the-woodcut-by-jon-crabb/4HQMV4EBGSO4ZE76UDELRB4G,200,text/html; charset=utf-8,
https://www.dungeonbooks.com/product/grand-rituals-by-idbn/457,200,text/html; charset=utf-8,
https://www.dungeonbooks.com/product/greasy-spoon/1040,200,text/html; charset=utf-8,
https://www.dungeonbooks.com/product/greatest-hits-by-harlan-ellison-paperback-/545,200,text/html; charset=utf-8,
https://www.dungeonbooks.com/product/green-city-wars-by-adrian-tchaikovsky-hardcover-/YQULAC43QEJWKW3S43WNKP4M,200,text/html; charset=utf-8,
https://www.dungeonbooks.com/product/gryphon-in-glory-by-andre-norton-vintage-/177,200,text/html; charset=utf-8,
https://www.dungeonbooks.com/product/grimm-s-fairy-tales/422,200,text/html; charset=utf-8,
https://www.dungeonbooks.com/product/greeting-card-two-cats-in-bed/794,200,text/html; charset=utf-8,
https://www.dungeonbooks.com/product/gryphon-s-eyrie-by-andre-norton-a-c-crispin-vintage-/179,200,text/html; charset=utf-8,
https://www.dungeonbooks.com/product/guinevere-by-sharan-newman-vintage-/236,200,text/html; charset=utf-8,
https://www.dungeonbooks.com/product/guardians-of-time-ballantine-1960-by-poul-anderson-vintage-/118,200,text/html; charset=utf-8,
https://www.dungeonbooks.com/product/gulliver-s-travels-by-jonathan-swift-vintage-/423,200,text/html; charset=utf-8,
https://www.dungeonbooks.com/product/gurps/724,200,text/html; charset=utf-8,
https://www.dungeonbooks.com/product/gurps-fourth-edition-basic-set-campaigns/805,200,text/html; charset=utf-8,
https://www.dungeonbooks.com/product/h-p-lovecraft-tales-of-horror-hardcover-/SMZQ4T7ZO7N3FDXI3ACRGEJD,200,text/html; charset=utf-8,
https://www.dungeonbooks.com/product/h-p-lovecraft-s-at-the-mountains-of-madness-the-first-volume-adaptation-and-artwork-by-gou-tanabe/328,200,text/html; charset=utf-8,
https://www.dungeonbooks.com/product/h-p-lovecraft-s-the-colour-out-of-space-tpb/WSZYHMWWUJX7JIS45YY5CVAL,200,text/html; charset=utf-8,
https://www.dungeonbooks.com/product/h-p-lovecraft-s-the-call-of-cthulhu-manga-by-gou-tanabe/QCI5UUNH7CYFYHA6CITGJHFX,200,text/html; charset=utf-8,
https://www.dungeonbooks.com/product/h-p-lovecraft-s-the-hound-and-other-stories-adaptation-and-artwork-by-gou-tanabe/70,200,text/html; charset=utf-8,
https://www.dungeonbooks.com/product/h-p-lovecraft-s-the-shadow-over-innsmouth-adaptation-and-artwork-by-gou-tanabe/59,200,text/html; charset=utf-8,
https://www.dungeonbooks.com/product/half-a-soul-regency-faerie-tales-by-olivia-atwater-paperback-/6UJM2PHTWAFT77EZXTAZBA5Q,200,text/html; charset=utf-8,
https://www.dungeonbooks.com/product/habits-of-the-sea-by-shea-ernshaw-hardcover-/UQXTDHW5Q756KG4TE35IQHCM,200,text/html; charset=utf-8,
https://www.dungeonbooks.com/product/halloweird-british-library-hardback-classics-by-johnny-mains-hardcover-/6CIDXJBY4GS4KT6OVF4DV2E2,200,text/html; charset=utf-8,
https://www.dungeonbooks.com/product/hamnet-movie-tie-in-edition-by-maggie-o-farrell-paperback-/KLA5IPXD7ZN3JC4J3WW6JIGF,200,text/html; charset=utf-8,
https://www.dungeonbooks.com/product/hamnet-by-maggie-o-farrell/47MM6UYJZIUZUYZQRDD4LZ6H,200,text/html; charset=utf-8,
https://www.dungeonbooks.com/product/halloween-folklore-and-ghost-stories-by-brice-stratford/Y2VEWEDCYWT5UG7QOWC2F2VL,200,text/html; charset=utf-8,
https://www.dungeonbooks.com/product/harrow-the-ninth-the-locked-tomb-series-book-2-by-tamsyn-muir-paperback-/KDOBZINLAEV32UUMJBRDFGTW,200,text/html; charset=utf-8,
https://www.dungeonbooks.com/product/harbour-of-hungry-ghosts-chronicles-of-the-yiugwai-hunters-1-by-eliza-chan-paperback-/76IN4SA2PAKGRNSEQFLMLXOI,200,text/html; charset=utf-8,
https://www.dungeonbooks.com/product/hamsters-himbos/FHTTFIRWI7K7GQOMSSDXK56J,200,text/html; charset=utf-8,
https://www.dungeonbooks.com/product/hazelthorn-by-cg-drews-hardcover-/GUQ7V2XF4P7GVEDPOWHFTIUT,200,text/html; charset=utf-8,
https://www.dungeonbooks.com/product/haunters-at-the-hearth-eerie-tales-for-christmas-nights-tales-of-the-weird-/REWGYIUUB4FMFBT3Q5E75WRA,200,text/html; charset=utf-8,
https://www.dungeonbooks.com/product/heavenly-bodies-by-imani-erriu-paperback-/4GM4VDYCGCUYOVW7LVZOQAOO,200,text/html; charset=utf-8,
https://www.dungeonbooks.com/product/heavy-metal-1-blank/1053,200,text/html; charset=utf-8,
https://www.dungeonbooks.com/product/heavy-metal-1-greg-hildebrandt/1051,200,text/html; charset=utf-8,
https://www.dungeonbooks.com/product/heavy-metal-1-keron-grant/1054,200,text/html; charset=utf-8,
https://www.dungeonbooks.com/product/heavy-metal-1-palumbo/1056,200,text/html; charset=utf-8,
https://www.dungeonbooks.com/product/heavy-metal-1-tula-lotay/1055,200,text/html; charset=utf-8,
https://www.dungeonbooks.com/product/heavy-metal-1-janevsky/1052,200,text/html; charset=utf-8,
https://www.dungeonbooks.com/product/heir-of-sea-and-fire-by-patricia-a-mckillip-vintage-/NLBOM7AVTNH75X4NYEJJVTF2,200,text/html; charset=utf-8,
https://www.dungeonbooks.com/product/hellboy-vol-1/1072,200,text/html; charset=utf-8,
https://www.dungeonbooks.com/product/hemlock-silver-by-t-kingfisher-hardcover-/HBRI3HLJHYCW3JJZBAM7PDY4,200,text/html; charset=utf-8,
https://www.dungeonbooks.com/product/hellebore-zine/HCLDEWY3BOT53J26CQH5CVJA,200,text/html; charset=utf-8,
https://www.dungeonbooks.com/product/hell-s-heart-by-alexis-hall-hardcover-/3XLHM26MBTDSX56EE74SFHMD,200,text/html; charset=utf-8,
https://www.dungeonbooks.com/product/heavy-metal-1-frank-frazetta/1050,200,text/html; charset=utf-8,
https://www.dungeonbooks.com/product/hemlock-silver-by-t-kingfisher-paperback-/QVH7CWJ467VRGV5UNQE3H5AO,200,text/html; charset=utf-8,
https://www.dungeonbooks.com/product/heroes-of-cerulea-pixelated-dungeon-crawl-rpg/816,200,text/html; charset=utf-8,
https://www.dungeonbooks.com/product/heroes-feast-dungeons-dragons-the-official-d-d-cookbook-1984858904-/KL3NXIBPWIDCHBCAU7FWGU32,200,text/html; charset=utf-8,
https://www.dungeonbooks.com/product/heretic-s-guide-to-dying-lands-morkborg-/LI4X5CK6VXWU2SR5TJFWEAT7,200,text/html; charset=utf-8,
https://www.dungeonbooks.com/product/heroes-feast-flavors-of-the-multiverse-dungeons-dragons-hardcover-/INQ7VGBXR663OXMIFSS3RHIZ,200,text/html; charset=utf-8,
https://www.dungeonbooks.com/product/hidden-in-the-margins/XMUBPPKXYTFTJB7WXAX4XBXS,200,text/html; charset=utf-8,
https://www.dungeonbooks.com/product/hideo-s-world-a-one-shot-for-the-mothership-sci-fi-horror-rpg/357,200,text/html; charset=utf-8,
https://www.dungeonbooks.com/product/high-sorcery-by-andre-norton-vintage-/121,200,text/html; charset=utf-8,
https://www.dungeonbooks.com/product/his-majesty-s-dragon-temeraire-book-1-by-naomi-novik/4FJRINTM4VS3BVWEYIWMK6LY,200,text/html; charset=utf-8,
https://www.dungeonbooks.com/product/hild-by-nicola-griffin-paperback-/402,200,text/html; charset=utf-8,
https://www.dungeonbooks.com/product/his-master-s-voice-by-stanislaw-lem-paperback-/RZHF3WAQ72NAQYREK3YAJUVO,200,text/html; charset=utf-8,
https://www.dungeonbooks.com/product/hollow-dungeons/K2UIQAE5N4IL5ZHFXKBQYDKF,200,text/html; charset=utf-8,
https://www.dungeonbooks.com/product/holy-mountain-shaker/311,200,text/html; charset=utf-8,
https://www.dungeonbooks.com/product/home/365,200,text/html; charset=utf-8,
https://www.dungeonbooks.com/product/home-binti-book-2-by-nnedi-okorafor/1080,200,text/html; charset=utf-8,
https://www.dungeonbooks.com/product/house-of-monstrous-women-by-daphne-fama-hardcover-/I5AZEVUBMX4NTIHLCZYFRL65,200,text/html; charset=utf-8,
https://www.dungeonbooks.com/product/house-of-leaves-by-mark-z-danielewski/XRTXU3KY54QMV5KAWN64MRUN,200,text/html; charset=utf-8,
https://www.dungeonbooks.com/product/house-of-the-beast-by-michelle-wong-hardcover-/K7QQYNYB23WQ6EKE2B7LSNIN,200,text/html; charset=utf-8,
https://www.dungeonbooks.com/product/how-to-defeat-a-demon-king-in-ten-easy-steps-by-andrew-rowe/BURQKLEJ6OUUSZZVE6C2NKN4,200,text/html; charset=utf-8,
https://www.dungeonbooks.com/product/how-to-lose-a-goblin-in-ten-days-by-jessie-sylva-paperback-/4XSSMTCZUPRJPXNVQD4WCEFQ,200,text/html; charset=utf-8,
https://www.dungeonbooks.com/product/how-to-spot-a-magical-woodland-creature-by-sarah-glenn-marsh-hardcover-/870,200,text/html; charset=utf-8,
https://www.dungeonbooks.com/product/howl-s-moving-castle-by-diana-wynne-jones-paperback-/598,200,text/html; charset=utf-8,
https://www.dungeonbooks.com/product/howls-from-the-dark-ages-an-anthology-of-medieval-horror/1015,200,text/html; charset=utf-8,
https://www.dungeonbooks.com/product/hull-breach-vol-1-mothership-rpg-/1059,200,text/html; charset=utf-8,
https://www.dungeonbooks.com/product/howl-s-moving-castle-deluxe-limited-edition-by-diana-wynne-jones-hardcover-/L4QH5RVR2XALPDCV5CROYQF3,200,text/html; charset=utf-8,
https://www.dungeonbooks.com/product/hyperion-by-dan-simmons-mass-market-paperback-/6SNAOR3OZNOH2ZTTAYX4MW4R,200,text/html; charset=utf-8,
https://www.dungeonbooks.com/product/hunt/JRCFGKDA5A6ZBJZD6YOWJCVR,200,text/html; charset=utf-8,
https://www.dungeonbooks.com/product/howling-dark-the-sun-eater-book-two-by-christopher-ruocchio/DPYFUX2ILDU5U7ZJ55NIFETW,200,text/html; charset=utf-8,
https://www.dungeonbooks.com/product/i-who-have-never-known-men-by-jacqueline-harpman-paperback-/959,200,text/html; charset=utf-8,
https://www.dungeonbooks.com/product/i-will-fear-no-evil-by-robert-a-heinlein-paperback-/JFOZQHU4ATMZ6N2KGTF2SL62,200,text/html; charset=utf-8,
https://www.dungeonbooks.com/product/i-m-afraid-you-ve-got-dragons-by-peter-s-beagle-paperback-/902,200,text/html; charset=utf-8,
https://www.dungeonbooks.com/product/i-m-sorry-did-you-say-street-magic/86,200,text/html; charset=utf-8,
https://www.dungeonbooks.com/product/hyperion-by-dan-simmons-paperback-/436,200,text/html; charset=utf-8,
https://www.dungeonbooks.com/product/i-medusa-by-ayana-gray-hardcover-/HG7PHKF2RNCYZWSEJGIOZUDD,200,text/html; charset=utf-8,
https://www.dungeonbooks.com/product/i-robot-by-isaac-asimov-paperback-/7FFBKENB3GFYWY57RUQ5TRQY,200,text/html; charset=utf-8,
https://www.dungeonbooks.com/product/if-at-faust-you-don-t-succeed-by-roger-zelazny-vintage-/172,200,text/html; charset=utf-8,
https://www.dungeonbooks.com/product/if-the-dead-belong-here-by-carson-faust-hardcover-/PW4R5B2RCVLQUCGWH4C57XQP,200,text/html; charset=utf-8,
https://www.dungeonbooks.com/product/ikenga-by-nnedi-okorafor-paperback-/K5ZPYHEEVBV6WKMB4QHASNUY,200,text/html; charset=utf-8,
https://www.dungeonbooks.com/product/immortal-rose-by-alexandra-bracken-hardcover-/YHX4TFSSOSDDXQMSJ3YN5MUE,200,text/html; charset=utf-8,
https://www.dungeonbooks.com/product/immortal-deluxe-edition-celestial-kingdom-by-sue-lynn-tan-hardcover-/HVZOQOAL6D6E4YBOK2M7RFY3,200,text/html; charset=utf-8,
https://www.dungeonbooks.com/product/immortal-dark-by-tigest-girma-paperback-/SGGUZZYDXDLZCSDES2R6IMZF,200,text/html; charset=utf-8,
https://www.dungeonbooks.com/product/in-the-company-of-ogres-by-a-lee-martinez-paperback-/SHA63XYPYAKYYXEFGQT4N3SF,200,text/html; charset=utf-8,
https://www.dungeonbooks.com/product/impossible-creatures-by-katherine-rundell-hardcover-/565,200,text/html; charset=utf-8,
https://www.dungeonbooks.com/product/incidents-around-the-house-by-josh-malerman-paperback-/JKHDK6KY4IS2IBK4JW72RXRI,200,text/html; charset=utf-8,
https://www.dungeonbooks.com/product/inhumanity/1044,200,text/html; charset=utf-8,
https://www.dungeonbooks.com/product/inherit-the-stars-by-james-p-hogan-vintage-/148,200,text/html; charset=utf-8,
https://www.dungeonbooks.com/product/infinite-crisis/1045,200,text/html; charset=utf-8,
https://www.dungeonbooks.com/product/inkdeath-inkheart-trilogy-book-3-by-cornelia-funke-paperback-/OK2SWIAYWPXZRHXQ2DGCZMDR,200,text/html; charset=utf-8,
https://www.dungeonbooks.com/product/inkspell-inkheart-trilogy-book-2-by-cornelia-funke-paperback-/RKRZ7H6QVAPM624YP7OLMTP5,200,text/html; charset=utf-8,
https://www.dungeonbooks.com/product/integral-trees-by-larry-niven-vintage-/158,200,text/html; charset=utf-8,
https://www.dungeonbooks.com/product/into-the-cess-and-citadel/453,200,text/html; charset=utf-8,
https://www.dungeonbooks.com/product/interior-bundle-card-lorwyn-eclipse-play-mat-1/PLAS7BC5RSMZFXK2YDO6QWKP,200,text/html; charset=utf-8,
https://www.dungeonbooks.com/product/inkheart-inkheart-trilogy-book-1-by-cornelia-funke-paperback-/1081,200,text/html; charset=utf-8,
https://www.dungeonbooks.com/product/into-the-dungeon-a-choose-your-own-path-book-by-hari-conner/710,200,text/html; charset=utf-8,
https://www.dungeonbooks.com/product/into-the-cess-and-citadel-special-edition/817,200,text/html; charset=utf-8,
https://www.dungeonbooks.com/product/iron-flame-the-empyrean-book-2-by-rebecca-yarros-paperback-/AZSTXRDHOIQVZ63USMCYRHUK,200,text/html; charset=utf-8,
https://www.dungeonbooks.com/product/iron-gold-red-rising-by-pierce-brown-paperback-/ZVM3JZERIWTH6K5WVYSRAQCA,200,text/html; charset=utf-8,
https://www.dungeonbooks.com/product/it-s-busy-down-in-the-woods-today-by-rachel-piercey-illustrated-by-freya-hartas-hardcover-/PGAXRJ75O5RHSECVIT3TI6Q7,200,text/html; charset=utf-8,
https://www.dungeonbooks.com/product/into-the-tower-by-hari-conner/711,200,text/html; charset=utf-8,
https://www.dungeonbooks.com/product/into-the-wyrd-and-wild/452,200,text/html; charset=utf-8,
https://www.dungeonbooks.com/product/isles-of-the-emberdark-secret-projects-by-brandon-sanderson-hardcover-/WBGV4WC6VD5PLBDNF2I2OXF4,200,text/html; charset=utf-8,
https://www.dungeonbooks.com/product/it-s-only-a-movie-by-gia-grillo/39,200,text/html; charset=utf-8,
https://www.dungeonbooks.com/product/jack-of-shadows-by-roger-zelazny-vintage-/166,200,text/html; charset=utf-8,
https://www.dungeonbooks.com/product/jade-city-the-green-bone-saga-book-1-by-fonda-lee/859,200,text/html; charset=utf-8,
https://www.dungeonbooks.com/product/jade-legacy-the-green-bone-saga-book-3-by-fonda-lee-paperback-/952,200,text/html; charset=utf-8,
https://www.dungeonbooks.com/product/jersey-girl-mermaid-sticker/ZI2AMQ7ZTR3WFGFOSWRUNU24,200,text/html; charset=utf-8,
https://www.dungeonbooks.com/product/jade-war-the-green-bone-saga-book-2-by-fonda-lee-paperback-/860,200,text/html; charset=utf-8,
https://www.dungeonbooks.com/product/japanese-gothic-by-kylie-lee-baker-hardcover-/5DLU7EKKKRYBMMJFTI4UA3QN,200,text/html; charset=utf-8,
https://www.dungeonbooks.com/product/john-carter-of-mars-by-edgar-rice-burroughs-vintage-/212,200,text/html; charset=utf-8,
https://www.dungeonbooks.com/product/jester-king-s-dance-2e/DZXNHPWJJPEPHI6JL3VFBIMI,200,text/html; charset=utf-8,
https://www.dungeonbooks.com/product/jonathan-strange-mr-norrell-by-susanna-clarke-hardcover-/FUZLB6WQKIP6KJ5L2VO4URED,200,text/html; charset=utf-8,
https://www.dungeonbooks.com/product/jonathan-strange-and-mr-norrell-by-susanna-clarke-paperback-/7SUWS6WO7AXQTNT7C2E7ARYU,200,text/html; charset=utf-8,
https://www.dungeonbooks.com/product/jungle-tales-of-tarzan-ballantine-tarzan-6-by-edgar-rice-burroughs-vintage-/191,200,text/html; charset=utf-8,
https://www.dungeonbooks.com/product/journey-to-the-center-of-the-earth-by-jules-verne-paperback-/487,200,text/html; charset=utf-8,
https://www.dungeonbooks.com/product/katabasis-by-r-f-kuang-paperback-/CQXFC7F5OM75QFP274YJCLUS,200,text/html; charset=utf-8,
https://www.dungeonbooks.com/product/katabasis-by-r-f-kuang-hardcover-/DIHDQJR53GUP4Q6VYN3C2YYC,200,text/html; charset=utf-8,
https://www.dungeonbooks.com/product/katabasis-by-r-f-kuang-deluxe-hardcover-/KJJ4NYQEADJUVWWXYE5THFCF,200,text/html; charset=utf-8,
https://www.dungeonbooks.com/product/kids-on-brooms/315,200,text/html; charset=utf-8,
https://www.dungeonbooks.com/product/kigurumi-guardians-vol-1/X6HQBQ5YDQZFFP42WGEFXQ26,200,text/html; charset=utf-8,
https://www.dungeonbooks.com/product/kids-on-bikes/719,200,text/html; charset=utf-8,
https://www.dungeonbooks.com/product/kigurumi-guardians-vol-2/5GGQ5KEZQNTUDZSUM55YJVNK,200,text/html; charset=utf-8,
https://www.dungeonbooks.com/product/kigurumi-guardians-vol-3/QCQBHLWM4JNSIS4TNN65E33E,200,text/html; charset=utf-8,
https://www.dungeonbooks.com/product/kill-the-beast-by-serra-swift-paperback-/S3ZUETMK545VHR2NTU545JX7,200,text/html; charset=utf-8,
https://www.dungeonbooks.com/product/kill-all-wizards-by-jedediah-berry-the-barbaric-ledgers-volume-1-signed-/3T3KMFABXBVIUOHX7J53JHYE,200,text/html; charset=utf-8,
https://www.dungeonbooks.com/product/kindred-by-octavia-e-butler-hardcover-/489,200,text/html; charset=utf-8,
https://www.dungeonbooks.com/product/kill-your-necromancer-morkborg-/XZQG5FZDGFBV3IJSLIYANGAG,200,text/html; charset=utf-8,
https://www.dungeonbooks.com/product/king-sorrow-by-joe-hill-hardcover-/BP5FCYDPCYLE6RC6IISMC33F,200,text/html; charset=utf-8,
https://www.dungeonbooks.com/product/king-of-thorns-broken-empire-2-by-mark-lawrence-paperback-/T2EV34JNYG5WCXVK4ZHIL3XX,200,text/html; charset=utf-8,
https://www.dungeonbooks.com/product/kingdom-of-waves-kingdom-of-waves-duology-volume-1-by-melissa-de-la-cruz/T4NRG3QRLU7NGMP4B2OJR6S3,200,text/html; charset=utf-8,
https://www.dungeonbooks.com/product/knight-of-shadows-by-roger-zelazny-vintage-/165,200,text/html; charset=utf-8,
https://www.dungeonbooks.com/product/knight-owl-caldecott-honor-book-the-knight-owl-series-1-by-christopher-denise/877,200,text/html; charset=utf-8,
https://www.dungeonbooks.com/product/kwame-crashes-the-underworld-by-craig-kofi-farmer-hardcover-/DBN3PZ2DLAN3MHI3KTHDV75S,200,text/html; charset=utf-8,
https://www.dungeonbooks.com/product/lady-macbeth-a-novel-by-ava-reid-paperback-/DE37OKJ6VVNMG4OYM6E5WCOW,200,text/html; charset=utf-8,
https://www.dungeonbooks.com/product/lancer-ttrpg-core-rulebook-by-tom-bloom-miguel-lopez-hardcover-/919,200,text/html; charset=utf-8,
https://www.dungeonbooks.com/product/last-argument-of-kings-the-first-law-trilogy-3-by-joe-abercrombie-paperback-/856,200,text/html; charset=utf-8,
https://www.dungeonbooks.com/product/kobolds-ate-my-baby/U7DSEU3XSEDSSOSKAHSGN3WM,200,text/html; charset=utf-8,
https://www.dungeonbooks.com/product/le-fay-the-morgan-le-fay-trilogy-book-2-by-sophie-keetch-paperback-/CGUYO7KLJZYDBB3M4FYG7VS2,200,text/html; charset=utf-8,
https://www.dungeonbooks.com/product/legend-in-the-mist-core-book-vol-i-ii/DKNGX25RRH4DVIZQPXJMDAAU,200,text/html; charset=utf-8,
https://www.dungeonbooks.com/product/legend-in-the-mist-hearts-of-ravensdale-setting-book/VQGYCH7UKTQRENNPZKBDRXEE,200,text/html; charset=utf-8,
https://www.dungeonbooks.com/product/legends-lattes-by-travis-baldree-paperback-/563,200,text/html; charset=utf-8,
https://www.dungeonbooks.com/product/legend-in-the-mist-ravenhome-bundle/WUNQJDZ6ALIAHXMTQWXJ3RWS,200,text/html; charset=utf-8,
https://www.dungeonbooks.com/product/klara-and-the-sun-by-kazuo-ishiguro-paperback-/LFOK77ZTMIDWRIVHBD7C23BC,200,text/html; charset=utf-8,
https://www.dungeonbooks.com/product/legend-in-the-mist-ravenhome-slipcase-set/DGSH4RCAFYRYCR6I2JU3PWOV,200,text/html; charset=utf-8,
https://www.dungeonbooks.com/product/legends-lattes-deluxe-edition-by-travis-baldree-hardcover-/564,200,text/html; charset=utf-8,
https://www.dungeonbooks.com/product/legends-lattes-deluxe-boxed-set-by-travis-baldree/DHUNYH6KSJXNKBU75MNVUXFI,200,text/html; charset=utf-8,
https://www.dungeonbooks.com/product/leopard-by-richard-la-plante-vintage-/237,200,text/html; charset=utf-8,
https://www.dungeonbooks.com/product/lessons-in-magic-and-disaster-by-charlie-jane-anders-hardcover-/KDQ64FNXUIRNQQ5LZINU5GYE,200,text/html; charset=utf-8,
https://www.dungeonbooks.com/product/leviathan-wakes-by-james-s-a-corey-paperback-/649,200,text/html; charset=utf-8,
https://www.dungeonbooks.com/product/light-bringer-red-rising-by-pierce-brown-paperback-/CRA7QZ5E7OIINVDJY4QMT2GE,200,text/html; charset=utf-8,
https://www.dungeonbooks.com/product/life-the-universe-and-everything-by-douglas-adams-vintage-/155,200,text/html; charset=utf-8,
https://www.dungeonbooks.com/product/library-of-the-dead-edinburgh-nights-book-1-by-t-l-huchu/MIRFAQZWZRFLMJHKIRXZPQFP,200,text/html; charset=utf-8,
https://www.dungeonbooks.com/product/lightlark-the-lightlark-saga-book-1-by-alex-aster-hardcover-/WQUFTCAFMPPDGJL3SG32QCRJ,200,text/html; charset=utf-8,
https://www.dungeonbooks.com/product/lightfall-by-tim-probert-boxed-set-/645,200,text/html; charset=utf-8,
https://www.dungeonbooks.com/product/liminal-grimoire/6DQKXZH5Z4H7EM4BWMJR7D35,200,text/html; charset=utf-8,
https://www.dungeonbooks.com/product/lightlark-the-lightlark-saga-book-1-by-alex-aster-paperback-/EZ7K2QH2KIV4YH6WDT4UHSA4,200,text/html; charset=utf-8,
https://www.dungeonbooks.com/product/little-game-masters-character-cards/NZL35TLW4T3PW3VCABWXFUYT,200,text/html; charset=utf-8,
https://www.dungeonbooks.com/product/little-game-masters-core-rule-book-by-randall-hampton/752,200,text/html; charset=utf-8,
https://www.dungeonbooks.com/product/little-wild-a-novel-by-laura-evans-hardcover-/DU5BE545ZIUMEELZYD5FFLHS,200,text/html; charset=utf-8,
https://www.dungeonbooks.com/product/llana-of-gathol-by-edgar-rice-burroughs-vintage-/203,200,text/html; charset=utf-8,
https://www.dungeonbooks.com/product/local-heavens-by-k-m-fajardo-paperback-/IFURPANCKEDGBJBKYDUR7UHB,200,text/html; charset=utf-8,
https://www.dungeonbooks.com/product/little-wonder-by-claire-keane-hardcover-/CHVOWDQEIORKGPYWOLYYANVI,200,text/html; charset=utf-8,
https://www.dungeonbooks.com/product/locke-key-welcome-to-lovecraft-hardcover-/57AA4MWB42CUQHI5U5IOTSC7,200,text/html; charset=utf-8,
https://www.dungeonbooks.com/product/longshadow-by-olivia-atwater-paperback-/I2RWRIZY3KDUCXYL3EBPFYLR,200,text/html; charset=utf-8,
https://www.dungeonbooks.com/product/loose-dice/378,200,text/html; charset=utf-8,
https://www.dungeonbooks.com/product/long-after-midnight-by-ray-bradbury-vintage-/241,200,text/html; charset=utf-8,
https://www.dungeonbooks.com/product/loot/4LP6JDQXBAI7QO5WCOPPI35V,200,text/html; charset=utf-8,
https://www.dungeonbooks.com/product/lord-of-light-by-roger-zelazny-paperback-/610,200,text/html; charset=utf-8,
https://www.dungeonbooks.com/product/lorwyn-eclipse-bundle-box-art-play-mat-2/XXFI322CWVARWR5LONJB4QBL,200,text/html; charset=utf-8,
https://www.dungeonbooks.com/product/lovecraft-country-by-matt-ruff-paperback-/608,200,text/html; charset=utf-8,
https://www.dungeonbooks.com/product/lost-transmissions-the-secret-history-of-science-fiction-and-fantasy-hardcover-/N5YMQHXU6HQVRUPC6RLA7J5H,200,text/html; charset=utf-8,
https://www.dungeonbooks.com/product/lucifer-s-hammer-by-larry-niven-jerry-pournelle-vintage-/217,200,text/html; charset=utf-8,
https://www.dungeonbooks.com/product/lucky-day-by-chuck-tingle-hardcover-/UDMXZO7FQ2K6W4UUL5S3PGI2,200,text/html; charset=utf-8,
https://www.dungeonbooks.com/product/lucky-ox-sodas/987,200,text/html; charset=utf-8,
https://www.dungeonbooks.com/product/lucy-undying-by-kiersten-white-paperback-/7SQHOT4TBW35OMR47DL24QGZ,200,text/html; charset=utf-8,
https://www.dungeonbooks.com/product/magic-mayhem-metal/TE63I7T42NTVGHFPLSS3EAPI,200,text/html; charset=utf-8,
https://www.dungeonbooks.com/product/mad-sisters-of-esi-by-tashan-mehta-hardcover-/BS3NX57JEOGVMTHFGP2RDXUV,200,text/html; charset=utf-8,
https://www.dungeonbooks.com/product/magical-creatures-and-mythical-beasts-by-professor-byron-millie-mortimer-illustrated-by-victo-ngai/55UCW2H4ZC2FDFNXJN3SNYWF,200,text/html; charset=utf-8,
https://www.dungeonbooks.com/product/magical-kitties-save-the-day-mars-colony-hometown/TOYEDNQWZPSJPTUZDDF4JWEX,200,text/html; charset=utf-8,
https://www.dungeonbooks.com/product/magical-kitties-save-the-day-/HKJUIFGEMKKAW5FSLRMUE5AQ,200,text/html; charset=utf-8,
https://www.dungeonbooks.com/product/magical-kitties-save-the-day-kitty-noir/OM2SWHX62HTE4SZNCYYFY4HU,200,text/html; charset=utf-8,
https://www.dungeonbooks.com/product/magical-kitties-save-the-day-alien-invasion/X6M2IKURPR4OX5VUPURFYUMQ,200,text/html; charset=utf-8,
https://www.dungeonbooks.com/product/magical-industrial-revolution-a-pre-apocalyptic-setting-guide/43PQQXKSLZJB6IXNYX4X75L7,200,text/html; charset=utf-8,
https://www.dungeonbooks.com/product/magical-kitties-save-the-day-power-up-/HAUDZN5OGCX4ODL27JGICEEC,200,text/html; charset=utf-8,
https://www.dungeonbooks.com/product/magical-kitties-save-the-day-wild-ones/5EOY6WDCPSJZTVC4VCQQXFCA,200,text/html; charset=utf-8,
https://www.dungeonbooks.com/product/mah015-mork-borg-foul-a-funnel-adventure-role-playing-game/FYPPU3SRAXQMJ4JE5UMKUI6E,200,text/html; charset=utf-8,
https://www.dungeonbooks.com/product/mah024-in-ruins-a-dungeon-building-game-role-playing-games/TUZJU4KP2Z6EJHZKVJAMILQ2,200,text/html; charset=utf-8,
https://www.dungeonbooks.com/product/magical-places-an-enchanted-journey-through-mystical-sites-haunted-houses-and-fairytale-forests/579,200,text/html; charset=utf-8,
https://www.dungeonbooks.com/product/magnet/HLS2GJV6OWWMT5CMQ34RDTWM,200,text/html; charset=utf-8,
https://www.dungeonbooks.com/product/make-your-own-one-page-rpg/SPLFMJBPMPOR5TNQKNYJOM7I,200,text/html; charset=utf-8,
https://www.dungeonbooks.com/product/malice-the-faithful-and-the-fallen-book-1-by-john-gwynne-paperback-/7AYBZTUAGF2NHAXVKUR5PE4T,200,text/html; charset=utf-8,
https://www.dungeonbooks.com/product/math-rocks-acrylic-dice-/150,200,text/html; charset=utf-8,
https://www.dungeonbooks.com/product/many-waters-by-madeleine-l-engle-paperback-/NV53A6O45Z3VXM22WM7QDMQQ,200,text/html; charset=utf-8,
https://www.dungeonbooks.com/product/mausritter-boxed-set/464,200,text/html; charset=utf-8,
https://www.dungeonbooks.com/product/mausritter-the-estate/VZUIGYAVWRYNC62TYONH43GA,200,text/html; charset=utf-8,
https://www.dungeonbooks.com/product/mazes/P225VYIT3MQTS3OHAAH5WHWF,200,text/html; charset=utf-8,
https://www.dungeonbooks.com/product/mazywood-by-tananarive-due-hardcover-/QUPXLCBKRE36HL76GVQJT7YB,200,text/html; charset=utf-8,
https://www.dungeonbooks.com/product/medieval-lego/CE6L366I6IUFWXNXPLCTONDC,200,text/html; charset=utf-8,
https://www.dungeonbooks.com/product/merging-down-by-alex-shammas-dbco-cons-/XGIVEHON24KAFATPYRW6MD2H,200,text/html; charset=utf-8,
https://www.dungeonbooks.com/product/memoirs-of-a-space-traveler-by-stanislaw-lem-paperback-/M6APK6W7XMDXAPX6TP4I54UE,200,text/html; charset=utf-8,
https://www.dungeonbooks.com/product/meet-us-by-the-roaring-sea-by-akil-paperback-/917,200,text/html; charset=utf-8,
https://www.dungeonbooks.com/product/metal-mini/108,200,text/html; charset=utf-8,
https://www.dungeonbooks.com/product/medieval-cats-by-catherine-nappington-hardcover-/HESPUP7SMGPWAEN6AOCUBEJ4,200,text/html; charset=utf-8,
https://www.dungeonbooks.com/product/middarmark-torchbearer-gazetteer/497,200,text/html; charset=utf-8,
https://www.dungeonbooks.com/product/midnight-blue-light-special-by-seanan-mcguire-paperback-/VMVN6JIEDQKBNYL76OUJKGF7,200,text/html; charset=utf-8,
https://www.dungeonbooks.com/product/mickey7-by-edward-ashton-paperback-/1025,200,text/html; charset=utf-8,
https://www.dungeonbooks.com/product/micropolis/41,200,text/html; charset=utf-8,
https://www.dungeonbooks.com/product/mexican-gothic-by-silvia-moreno-garcia-paperback-/912,200,text/html; charset=utf-8,
https://www.dungeonbooks.com/product/midnight-muscadines/K7EGNRZJFBC7WHMNB6PR22DX,200,text/html; charset=utf-8,
https://www.dungeonbooks.com/product/mindbug/274,200,text/html; charset=utf-8,
https://www.dungeonbooks.com/product/milkteeth-by-caitlin-starling-hardcover-/NZSICGHUABOFMVXQ23DGF7O3,200,text/html; charset=utf-8,
https://www.dungeonbooks.com/product/mindspan-by-gordon-r-dickson-vintage-/200,200,text/html; charset=utf-8,
https://www.dungeonbooks.com/product/mind-s-eye-theatre-laws-of-the-night-larp-/JVG7BN7TBJFV67TJOSFN3S4R,200,text/html; charset=utf-8,
https://www.dungeonbooks.com/product/minh-and-the-magic-grains-of-rice-by-do-nguyet-ha-hardcover-/QXHJEEJ7L4K62NVIAKHDPBLJ,200,text/html; charset=utf-8,
https://www.dungeonbooks.com/product/mirrored-heavens-between-earth-and-sky-book-3-by-rebecca-roanhorse-paperback-/TKQQXAYK6ZFHAZPVS5FKMSIP,200,text/html; charset=utf-8,
https://www.dungeonbooks.com/product/miru-i-an-analog-adventure-game/83,200,text/html; charset=utf-8,
https://www.dungeonbooks.com/product/miru-ii-an-analog-horror-game/84,200,text/html; charset=utf-8,
https://www.dungeonbooks.com/product/misery-s-wife-by-joan-tierney-hardcover-/SXT3E4LM2PQEAYGQCW4PR5LC,200,text/html; charset=utf-8,
https://www.dungeonbooks.com/product/mockingjay-deluxe-edition-hunger-games-book-three-by-suzanne-collins-paperback-/EX7CKXMAL7OTYE2RTFMH3D42,200,text/html; charset=utf-8,
https://www.dungeonbooks.com/product/molka-by-monika-kim-hardcover-/DYEVCM6CXE2VVXSRRGVWORGW,200,text/html; charset=utf-8,
https://www.dungeonbooks.com/product/mona-lisa-overdrive-by-william-gibson-paperback-/T45LZ6XULIRRSCTQQ26REFZI,200,text/html; charset=utf-8,
https://www.dungeonbooks.com/product/mold-mold-mold-by-nick-borelli/TVMWYBTOVFRR2KVEDDYKVZMU,200,text/html; charset=utf-8,
https://www.dungeonbooks.com/product/monsoon-rising-deluxe-edition-by-thea-guanzon-hardcover-/634,200,text/html; charset=utf-8,
https://www.dungeonbooks.com/product/monster-of-the-week-rpg/ZJWQP2GXZPOQCI4SRPT6BPVX,200,text/html; charset=utf-8,
https://www.dungeonbooks.com/product/monsters-aliens-and-holes-in-the-ground-by-stu-horvath-standard-/AD4MEATJN5ERLFETYGROQDX3,200,text/html; charset=utf-8,
https://www.dungeonbooks.com/product/monty-python-s-cocurricular-mediaeval-reenactment-programme-rpg/847,200,text/html; charset=utf-8,
https://www.dungeonbooks.com/product/moon-quest-by-anson-montgomery-paperback-/YEMXW4K7SCPPBUYQZWSFYSAK,200,text/html; charset=utf-8,
https://www.dungeonbooks.com/product/more-than-human-by-theodore-sturgeon-vintage-/214,200,text/html; charset=utf-8,
https://www.dungeonbooks.com/product/monk-and-robot-monk-robot-by-becky-chambers-paperback-/928,200,text/html; charset=utf-8,
https://www.dungeonbooks.com/product/morgan-is-my-name-the-morgan-le-fay-trilogy-book-1-by-sophie-keetch-paperback-/SUUK357HOOVXPBMGZOS3MOXB,200,text/html; charset=utf-8,
https://www.dungeonbooks.com/product/morning-star-red-rising-by-pierce-brown-paperback-/JJ5KN7TIHJY2WC7PQX4TJGGB,200,text/html; charset=utf-8,
https://www.dungeonbooks.com/product/mortal-things-by-marie-lu-hardcover-/OBODCJA7MBSA5NVL5EWCTG2M,200,text/html; charset=utf-8,
https://www.dungeonbooks.com/product/mothership-deluxe-set-/1058,200,text/html; charset=utf-8,
https://www.dungeonbooks.com/product/mothership-core-set/361,200,text/html; charset=utf-8,
https://www.dungeonbooks.com/product/mothership-dead-planet/AO3KI3JL52YACTN33NZJLQN5,200,text/html; charset=utf-8,
https://www.dungeonbooks.com/product/mothman-campfire-smore-sticker/CWKU3M567BK5AKQF2BKD3OYF,200,text/html; charset=utf-8,
https://www.dungeonbooks.com/product/mouse-guard-alphabet-book-by-david-petersen/G25DSS7XXTIWNE46C525MET7,200,text/html; charset=utf-8,
https://www.dungeonbooks.com/product/mothsblood-deluxe-edition-by-lynn-d-jung-hardcover-/PAYGDULV5OL26C5Q74JTUTIQ,200,text/html; charset=utf-8,
https://www.dungeonbooks.com/product/mr-chow-s-night-market-by-emily-sun-li-illustrated-by-yu-ting-chen/NQCF3R4L2MTIW5TMIVCCIEEU,200,text/html; charset=utf-8,
https://www.dungeonbooks.com/product/munchkin-vox-machina-a-critical-role-game-by-sjg-ages-10-3-6-players-tal-dorei-board-game-with-character-standies-d20-dice-roles-drives/PO6M4DI25ZSUVV5WAB5LQJHB,200,text/html; charset=utf-8,
https://www.dungeonbooks.com/product/munchkin/J3GNOOQKKIUB5VL53QYB3MQA,200,text/html; charset=utf-8,
https://www.dungeonbooks.com/product/munchkin-munchkin-tails-card-game/J4USC76RA47KBGL72UAP3EAD,200,text/html; charset=utf-8,
https://www.dungeonbooks.com/product/murmuration-by-t-j-klune-hardcover-/UOWRWTDMKI2ICBKL6T4DDJTA,200,text/html; charset=utf-8,
https://www.dungeonbooks.com/product/mushroom-moon/43,200,text/html; charset=utf-8,
https://www.dungeonbooks.com/product/moss-d-in-space-by-rebecca-thorne-paperback-/LK5OAVQFTWQ2Q6S37HI7UREE,200,text/html; charset=utf-8,
https://www.dungeonbooks.com/product/mu-eca-by-cynthia-gomez-hardcover-/XEXGNHN7UB7SH3GWIIMXZPH3,200,text/html; charset=utf-8,
https://www.dungeonbooks.com/product/my-magical-castle/KYNXSYDZ4G444PWL6SFSHJ7R,200,text/html; charset=utf-8,
https://www.dungeonbooks.com/product/muse-of-nightmares-strange-the-dreamer-book-2-by-laini-taylor-paperback-/GMO75MHWUR3HZIQNQX34KURY,200,text/html; charset=utf-8,
https://www.dungeonbooks.com/product/my-name-is-legion-by-roger-zelazny-vintage-/173,200,text/html; charset=utf-8,
https://www.dungeonbooks.com/product/mythopedia-an-encyclopedia-of-mythical-beasts-and-their-magical-tales-by-good-wives-and-warriors-hardcover-/HUIEF6O4X2S345P762FGHFJC,200,text/html; charset=utf-8,
https://www.dungeonbooks.com/product/m-rk-borg-feretory/OPU7Q445FXN2YWPXNWP3CLOI,200,text/html; charset=utf-8,
https://www.dungeonbooks.com/product/m-rk-borg-heretic/3XZRN3BTTYNG6HGAOSKMUO63,200,text/html; charset=utf-8,
https://www.dungeonbooks.com/product/m-rk-borg/54,200,text/html; charset=utf-8,
https://www.dungeonbooks.com/product/m-rk-borg-ikhon/FS6EJJ6N6NOASYMMYF7OTQUD,200,text/html; charset=utf-8,
https://www.dungeonbooks.com/product/nandi-and-the-castle-in-the-sea-by-anil-serpin-sheryl-chieng/U3VS7ZWHSJSMSSQJJTUXG4NH,200,text/html; charset=utf-8,
https://www.dungeonbooks.com/product/n-space-by-larry-niven-vintage-/216,200,text/html; charset=utf-8,
https://www.dungeonbooks.com/product/navigational-entanglements-by-aliette-de-bodard-hardcover-/904,200,text/html; charset=utf-8,
https://www.dungeonbooks.com/product/nature-s-warnings-classic-stories-of-eco-science-fiction-paperback-/776,200,text/html; charset=utf-8,
https://www.dungeonbooks.com/product/necromancer-heretic/IVIVOPDHGTIB762BXRIRMXGD,200,text/html; charset=utf-8,
https://www.dungeonbooks.com/product/navola-by-paolo-bacigalupi-paperback-/B2AW7P267E6XX34IYIKGDDEM,200,text/html; charset=utf-8,
https://www.dungeonbooks.com/product/neuromancer-by-william-gibson-paperback-/519,200,text/html; charset=utf-8,
https://www.dungeonbooks.com/product/neutron-star-by-larry-nevin-vintage-paperback-/135,200,text/html; charset=utf-8,
https://www.dungeonbooks.com/product/neuromancer-by-william-gibson-hardcover-/RH75HEKBVKLOO6AY4QTHC7PV,200,text/html; charset=utf-8,
https://www.dungeonbooks.com/product/never-ever-after-by-sue-lynn-tan-hardcover-/GG7ZK3MX7QM6ACXDOHEM4CE2,200,text/html; charset=utf-8,
https://www.dungeonbooks.com/product/never-going-home/KKN6EHWTMIKDNX6VJPRC7HLB,200,text/html; charset=utf-8,
https://www.dungeonbooks.com/product/neverlanders-by-tom-taylor/G3DCSZZUSWVUYTKWXG6VXKXQ,200,text/html; charset=utf-8,
https://www.dungeonbooks.com/product/nettle-bone-by-t-kingfisher-paperback-/616,200,text/html; charset=utf-8,
https://www.dungeonbooks.com/product/nexus-ops/334,200,text/html; charset=utf-8,
https://www.dungeonbooks.com/product/nightbane-lightlark-book-2-by-alex-aster-paperback-/JRIJVZMCRLR5EHJGDJXILNTF,200,text/html; charset=utf-8,
https://www.dungeonbooks.com/product/nine-defenses-against-the-basilisk-black-white-magic-for-surviving-extreme-anxiety/IMEIYQPQWHM4XVBZMRTN44W4,200,text/html; charset=utf-8,
https://www.dungeonbooks.com/product/nine-goblins-by-t-kingfisher-hardcover-/VKDQN667AC6GJYFFYJUFBVJW,200,text/html; charset=utf-8,
https://www.dungeonbooks.com/product/nirvana-on-fire-2e-mothership-sci-fi-horror-rpg-/HTRR5QQDOJGW6FIPTX7YS44P,200,text/html; charset=utf-8,
https://www.dungeonbooks.com/product/no-night-without-stars-by-andre-norton-vintage-/178,200,text/html; charset=utf-8,
https://www.dungeonbooks.com/product/nobody-likes-a-goblin-by-ben-hatke/914,200,text/html; charset=utf-8,
https://www.dungeonbooks.com/product/nolzur-s-goblin/389,200,text/html; charset=utf-8,
https://www.dungeonbooks.com/product/nordic-tales-folktales-from-norway-sweden-finland-iceland-and-denmark-nordic-folklore-and-stories-by-chronicle-books-hardcover-/XCBPR7RUVEE43WXEECYBSCPT,200,text/html; charset=utf-8,
https://www.dungeonbooks.com/product/nothing-but-blackened-teeth-by-cassandra-khaw-paperback-/FMFP6V7WR27V26H6YNLM5BZZ,200,text/html; charset=utf-8,
https://www.dungeonbooks.com/product/not-with-a-bang-by-temi-oh-paperback-/GGZYXXBEQASYFRH4VQZ3I4GR,200,text/html; charset=utf-8,
https://www.dungeonbooks.com/product/nothing-tastes-as-good-by-luke-dumas-hardcover-/ENBGRMFZBRANPUPQ5PODEBYU,200,text/html; charset=utf-8,
https://www.dungeonbooks.com/product/nova-an-action-packed-mech-ttrpg/DYWHR5Z2FFN4CEGUOGLIULNU,200,text/html; charset=utf-8,
https://www.dungeonbooks.com/product/now-comes-the-mist-by-julie-c-dao-paperback-/GS4G2SY542VN7IQWOG37PTK3,200,text/html; charset=utf-8,
https://www.dungeonbooks.com/product/obojima-tales-from-the-tall-grass-5e-campaign-book/XGH5DQIAQ2QMUNYNSAVD7C6Z,200,text/html; charset=utf-8,
https://www.dungeonbooks.com/product/oathbringer-stormlight-archive-book-3-by-brandon-sanderson/640,200,text/html; charset=utf-8,
https://www.dungeonbooks.com/product/ocean-s-godori-alliance-book-1-by-elaine-u-cho/985,200,text/html; charset=utf-8,
https://www.dungeonbooks.com/product/nowhere-burning-by-catriona-ward-hardcover-/RRAX62DUPUUI4AIEMG4EMPP7,200,text/html; charset=utf-8,
https://www.dungeonbooks.com/product/ode-to-the-half-broken-by-suzanne-palmer-hardcover-/AVG2VSVIPF7G7FACL5MDJHTN,200,text/html; charset=utf-8,
https://www.dungeonbooks.com/product/obojima-tales-from-the-tall-grass/WRFDLZK76UARSZUENKM5PH3X,200,text/html; charset=utf-8,
https://www.dungeonbooks.com/product/odyssey-stephen-frys-greek-myths-by-stephen-fry-hardcover-/OOHGFJFGWIDGMOLAX2MWVNJJ,200,text/html; charset=utf-8,
https://www.dungeonbooks.com/product/old-school-essentials-adventure-anthology-1/643,200,text/html; charset=utf-8,
https://www.dungeonbooks.com/product/off-to-be-the-wizard-magic-2-0-by-scott-meyer-paperback-/964,200,text/html; charset=utf-8,
https://www.dungeonbooks.com/product/odyssey-of-the-giant/AAN4DXXLQMRO4BKZEB7JQZAY,200,text/html; charset=utf-8,
https://www.dungeonbooks.com/product/old-school-essentials-halls-of-the-blood-king/312,200,text/html; charset=utf-8,
https://www.dungeonbooks.com/product/old-school-essentials-adventure-anthology-2/644,200,text/html; charset=utf-8,
https://www.dungeonbooks.com/product/old-school-essentials-the-incandescent-grottoes/53,200,text/html; charset=utf-8,
https://www.dungeonbooks.com/product/once-upon-a-high-time-14-weedy-fairy-tales/HBAB5ZCL2X3LT5MI6PYNAB5S,200,text/html; charset=utf-8,
https://www.dungeonbooks.com/product/once-upon-a-time-fairy-tales-expansion/66DFX6FDIMX42P6G3OU4XYL7,200,text/html; charset=utf-8,
https://www.dungeonbooks.com/product/old-school-essentials-hole-in-the-oak/52,200,text/html; charset=utf-8,
https://www.dungeonbooks.com/product/once-upon-a-time-3e-a-collaborative-storytelling-game/7QLY5JD2TBVJHSOWRWLJANV7,200,text/html; charset=utf-8,
https://www.dungeonbooks.com/product/onyx-storm-the-empyrean-book-3-by-rebecca-yarros-hardcover-/CMBPIKU6SB7H2FGG42JN2THI,200,text/html; charset=utf-8,
https://www.dungeonbooks.com/product/one-dark-window-the-shepherd-king-book-1-by-rachel-gillig/863,200,text/html; charset=utf-8,
https://www.dungeonbooks.com/product/operation-bounce-house-by-matt-dinniman-hardcover-/JJ3OECS4OVGCAQZBT72UDRWP,200,text/html; charset=utf-8,
https://www.dungeonbooks.com/product/orphans/5ZTRWIMTYR2Q4QDDJYD4SLMN,200,text/html; charset=utf-8,
https://www.dungeonbooks.com/product/orbital-by-samantha-harvey-paperback-/QBW6YOFATU5CVEYS6ZCRO5Y2,200,text/html; charset=utf-8,
https://www.dungeonbooks.com/product/our-bogeys-our-shelves/886,200,text/html; charset=utf-8,
https://www.dungeonbooks.com/product/out-of-the-silent-planet-by-c-s-lewis-vintage-/184,200,text/html; charset=utf-8,
https://www.dungeonbooks.com/product/out-of-oz-wicked-years-by-gregory-maguire-paperback-/996,200,text/html; charset=utf-8,
https://www.dungeonbooks.com/product/outlander-by-diana-gabaldon-paperback-/559,200,text/html; charset=utf-8,
https://www.dungeonbooks.com/product/parable-of-the-sower-a-novel-by-octavia-e-butler-hardcover-/730,200,text/html; charset=utf-8,
https://www.dungeonbooks.com/product/parable-of-the-sower-by-octavia-e-butler-paperback-/583,200,text/html; charset=utf-8,
https://www.dungeonbooks.com/product/pathfinder-2e-pathfinder-monster-core/NTAHG74OKJWGGRTJDOEG7ZLO,200,text/html; charset=utf-8,
https://www.dungeonbooks.com/product/pathfinder-2e-lost-omens-world-guide/PIJ5X67VDQLBDECG666UCDUX,200,text/html; charset=utf-8,
https://www.dungeonbooks.com/product/pathfinder-2e-player-core-hardcover-/XOFCLR4EV7GLRDH6J37KTSWA,200,text/html; charset=utf-8,
https://www.dungeonbooks.com/product/peach-boy-by-toyoya/266,200,text/html; charset=utf-8,
https://www.dungeonbooks.com/product/pathfinder-gm-core-rulebook-2e-hardcover-/IMFZQ53P3ILGSJAEM3LU3GQJ,200,text/html; charset=utf-8,
https://www.dungeonbooks.com/product/pecknorder-dnd-initiative-tracker-memo-pad/SHQNT4JB4ETJ4KFUNNQILIBI,200,text/html; charset=utf-8,
https://www.dungeonbooks.com/product/pecknorder-dnd-traveler-black-washi-tape/D3CENW2HMIS6GKLQ4KVX7X2I,200,text/html; charset=utf-8,
https://www.dungeonbooks.com/product/pecknorder-journal/23VYDFSW6UARAOEKDXZODRYE,200,text/html; charset=utf-8,
https://www.dungeonbooks.com/product/peck-order-carry-on-weary-traveler-notebook/NAZWIPJ65X6SNBPPQZ6B72ZR,200,text/html; charset=utf-8,
https://www.dungeonbooks.com/product/pecknorder-mint-green-dice-set-pattern-washi-tape/GOUPTXMYEEMGYU5DXGCNPEIA,200,text/html; charset=utf-8,
https://www.dungeonbooks.com/product/pecknorder-lavender-pastel-memo-pad/AZTU7ESLVV2AXKGT4SPE2HSO,200,text/html; charset=utf-8,
https://www.dungeonbooks.com/product/pecknorder-pastel-blue-dice-set-washi-tape/DDKS7MEK5NJNJWNKJG3AY2HE,200,text/html; charset=utf-8,
https://www.dungeonbooks.com/product/pecknorder-light-yellow-dice-set-pattern-washi-tape/QNQPOG56XH5QZKAE2C65CH4W,200,text/html; charset=utf-8,
https://www.dungeonbooks.com/product/pecknorder-spell-slot-tracker-memo-pad/IWMSMM44DUPEVS66SJRQGMYF,200,text/html; charset=utf-8,
https://www.dungeonbooks.com/product/percy-jackson-and-the-olympians-the-lightning-thief-graphic-novel-by-rick-riordan/YQBIXAJCZ5KIVQ2G4EE4XLUT,200,text/html; charset=utf-8,
https://www.dungeonbooks.com/product/perdido-street-station-by-china-mievelle-paperback-/KPAYUZM3JXEFXUZ3JWOYFVQR,200,text/html; charset=utf-8,
https://www.dungeonbooks.com/product/pecknorder-pastel-multicolor-dice-set-washi-tape/6UNHEPBNXWIWJJIW7OA2HITL,200,text/html; charset=utf-8,
https://www.dungeonbooks.com/product/perils-princesses-a-fairy-tale-adventure-rpg/811,200,text/html; charset=utf-8,
https://www.dungeonbooks.com/product/physical-gift-card/JCR3R3U4O3CIIQWUKJDVDLJU,200,text/html; charset=utf-8,
https://www.dungeonbooks.com/product/pico-collector-s-edition-/LAQLKT4V2XOWJXBEP4QXRXAG,200,text/html; charset=utf-8,
https://www.dungeonbooks.com/product/pico/SC4K2HQJLR7FLE6X6WBEXNS7,200,text/html; charset=utf-8,
https://www.dungeonbooks.com/product/phantasma-by-kaylie-smith-paperback-/6BPSMXVSXVP532S5WTD37SOU,200,text/html; charset=utf-8,
https://www.dungeonbooks.com/product/pikachu-s-nighttime-adventure-picture-book-/UGHIEK7CTWP6MSEOKID2ENMY,200,text/html; charset=utf-8,
https://www.dungeonbooks.com/product/pikachu-s-first-friends-pok-mon-picture-book-/UJ4OLFFWODYPWJZQPOAGBQYV,200,text/html; charset=utf-8,
https://www.dungeonbooks.com/product/piranesi-by-susanna-clarke-paperback-/T3Q4YTFRMXJDZCUKTKYHH6FG,200,text/html; charset=utf-8,
https://www.dungeonbooks.com/product/pines-wayward-pines-trilogy-by-blake-crouch-paperback-/GVH67VNKTKULEXXE7BB2NNM4,200,text/html; charset=utf-8,
https://www.dungeonbooks.com/product/pirate-borg-player-s-guidebook/ISXVQE7CIYEU3XDTVI6OUHAY,200,text/html; charset=utf-8,
https://www.dungeonbooks.com/product/pins-by-these-are-things/841,200,text/html; charset=utf-8,
https://www.dungeonbooks.com/product/pirate-borg-starter-set/IZICAUNMPF7L7TKLN3NKZY2U,200,text/html; charset=utf-8,
https://www.dungeonbooks.com/product/pirate-borg-cavern-of-cursed-tears/BNKD5IMY26A5HL3DUONLBGWM,200,text/html; charset=utf-8,
https://www.dungeonbooks.com/product/pirate-borg-buried-in-the-bahamas/TLV7YHVVMGUR54OWIZTWUNTT,200,text/html; charset=utf-8,
https://www.dungeonbooks.com/product/pirate-borg-core-rulebook/722,200,text/html; charset=utf-8,
https://www.dungeonbooks.com/product/pirate-borg-cabin-fever/SNKWEWCEZD7JFQOVI5ITWBBZ,200,text/html; charset=utf-8,
https://www.dungeonbooks.com/product/pirate-borg-down-among-the-dead/H6FKZ6RXYSZPBTIZET2KTBBD,200,text/html; charset=utf-8,
https://www.dungeonbooks.com/product/pirate-borg-the-battle-of-dead-man-s-cove/HQTUEAOJIIXJOJGIA4PELXN4,200,text/html; charset=utf-8,
https://www.dungeonbooks.com/product/playgrounds-of-the-mind-by-larry-niven-vintage-paperback-/174,200,text/html; charset=utf-8,
https://www.dungeonbooks.com/product/playing-at-the-world-2e-volume-1-game-histories-by-jon-peterson-paperback-/EBJV3DFGTY4GPRJQSVUFC3R2,200,text/html; charset=utf-8,
https://www.dungeonbooks.com/product/playing-at-the-world-2e-volume-2-game-histories-by-jon-peterson-paperback-/JH2W6BLNZCCCUZZSFHQTLMMM,200,text/html; charset=utf-8,
https://www.dungeonbooks.com/product/pillarwoman-by-gia-grillo/DHBSYYG2QXUKKGXTCSM3NA6V,200,text/html; charset=utf-8,
https://www.dungeonbooks.com/product/portrait-of-a-witch-undone-by-k-s-shay-hardcover-/26Z7AJDNLEVYO3V5AHREYGY3,200,text/html; charset=utf-8,
https://www.dungeonbooks.com/product/postcard/103,200,text/html; charset=utf-8,
https://www.dungeonbooks.com/product/preacher-book-one/1046,200,text/html; charset=utf-8,
https://www.dungeonbooks.com/product/project-ecco/QFGQZX3YQQQQI5QTRGP3UMBP,200,text/html; charset=utf-8,
https://www.dungeonbooks.com/product/princess-of-mars-by-edgar-rice-burroughs-vintage-/305,200,text/html; charset=utf-8,
https://www.dungeonbooks.com/product/pride-and-prejudice-in-space-by-alexis-lampley-hardcover-/572,200,text/html; charset=utf-8,
https://www.dungeonbooks.com/product/private-booking-party-of-5-aug-1-2026-/BXS3LMI4TYS6OQ6723SE5E6U,200,text/html; charset=utf-8,
https://www.dungeonbooks.com/product/protector-by-larry-niven-vintage-/133,200,text/html; charset=utf-8,
https://www.dungeonbooks.com/product/project-hail-mary-by-andy-weir-paperback-/440,200,text/html; charset=utf-8,
https://www.dungeonbooks.com/product/psychopomp-circumstance-by-eden-royce-hardcover-/5NMMRX6HSORS6RGWC5MZECKE,200,text/html; charset=utf-8,
https://www.dungeonbooks.com/product/quag-keep-by-andre-norton-vintage-/176,200,text/html; charset=utf-8,
https://www.dungeonbooks.com/product/punk-is-dead/FWLSFTYQMY4K7GJBUSKQ6G22,200,text/html; charset=utf-8,
https://www.dungeonbooks.com/product/queen-demon-rising-world-book-2-by-martha-wells-hardcover-/G5QLDLNR4JH6ZFSEQNOP4QDC,200,text/html; charset=utf-8,
https://www.dungeonbooks.com/product/rainbow-mars-by-larry-niven-vintage-/161,200,text/html; charset=utf-8,
https://www.dungeonbooks.com/product/rakesfall-by-vajra-chandrasekera-paperback-/BJQ4BKBXRLW4OJQGASWD72SU,200,text/html; charset=utf-8,
https://www.dungeonbooks.com/product/ready-player-one-by-ernest-cline-hardcover-/XR62XBKWB6G6TIOFXP5PZJSM,200,text/html; charset=utf-8,
https://www.dungeonbooks.com/product/rane-in-blood/356,200,text/html; charset=utf-8,
https://www.dungeonbooks.com/product/reading-beauty-empowering-books-early-elementary-story-books-stories-for-kids-bedtime-stories-for-girls-future-fairy-tales-by-deborah-underwood-hardcover-/F4H433YCS5QKPAWOVDOUMVHL,200,text/html; charset=utf-8,
https://www.dungeonbooks.com/product/ready-player-one-by-ernest-cline-paperback-/516,200,text/html; charset=utf-8,
https://www.dungeonbooks.com/product/ready-player-two-a-novel-by-ernest-cline-hardcover-/HXIFBI6324TCWHIEISAJWMBW,200,text/html; charset=utf-8,
https://www.dungeonbooks.com/product/ready-player-two-a-novel-by-ernest-cline-paperback-/DP3MH3W25S5EFYUWBEKRQUL3,200,text/html; charset=utf-8,
https://www.dungeonbooks.com/product/recluse-tales-by-l-e-modesitt-jr-paperback-/R54I5UUWGRSDT5FCNNABXFE6,200,text/html; charset=utf-8,
https://www.dungeonbooks.com/product/recursion-by-blake-crouch-paperback-/N4IONNJOLZJ4TC3IGCTJQ5NU,200,text/html; charset=utf-8,
https://www.dungeonbooks.com/product/reap-rpg/OYQ6INH5BAEKWAHACVJJUJF5,200,text/html; charset=utf-8,
https://www.dungeonbooks.com/product/red-city-by-marie-lu-hardcover-/TCCW6T4YBCR45HYFFMZZX6O5,200,text/html; charset=utf-8,
https://www.dungeonbooks.com/product/red-rabbit-by-alex-grecian-paperback-/QFZ45JTZ6LFC2DCKHZKCNJMG,200,text/html; charset=utf-8,
https://www.dungeonbooks.com/product/red-rising-deluxe-slipcase-edition-by-pierce-brown-hardcover-/QNTBMJORKSEGBW5EYS6OEJYX,200,text/html; charset=utf-8,
https://www.dungeonbooks.com/product/redwall-by-brian-jacques-paperback-/566,200,text/html; charset=utf-8,
https://www.dungeonbooks.com/product/red-rising-by-pierce-brown-paperback-/783,200,text/html; charset=utf-8,
https://www.dungeonbooks.com/product/redwall-30th-anniversary-edition-by-brian-jacques-paperback-/UDUDRWPCWPKSQIGZOW6Q7X4O,200,text/html; charset=utf-8,
https://www.dungeonbooks.com/product/rememorex-soft-cover-/106,200,text/html; charset=utf-8,
https://www.dungeonbooks.com/product/remote-control-by-nnnedi-okorafor-hardcover-/929,200,text/html; charset=utf-8,
https://www.dungeonbooks.com/product/resonant/354,200,text/html; charset=utf-8,
https://www.dungeonbooks.com/product/return-to-atlantis-choose-your-own-adventure-18-by-r-a-montgomery/7MARGQAYTFSBCRUX63AG4KXN,200,text/html; charset=utf-8,
https://www.dungeonbooks.com/product/rememorex-hardcover-/689,200,text/html; charset=utf-8,
https://www.dungeonbooks.com/product/ring-shout-by-p-dj-l-clark-hardcover-/2WGRUXX7KCWY3MSGUT7VNV6B,200,text/html; charset=utf-8,
https://www.dungeonbooks.com/product/rigged-rpg/QXX2KSL6JZXFXZP4WI6TZ3ZP,200,text/html; charset=utf-8,
https://www.dungeonbooks.com/product/roadmarks-by-roger-zelazny-vintage-/170,200,text/html; charset=utf-8,
https://www.dungeonbooks.com/product/rhythm-of-war-stormlight-archives-book-4-by-brandon-sanderson/641,200,text/html; charset=utf-8,
https://www.dungeonbooks.com/product/ringworld-by-larry-niven-vintage-/6,200,text/html; charset=utf-8,
https://www.dungeonbooks.com/product/root-core-rulebook/WUHHTXAR22NVN4S7D4UUYCX6,200,text/html; charset=utf-8,
https://www.dungeonbooks.com/product/romeo-juliet-by-william-shakespeare/474,200,text/html; charset=utf-8,
https://www.dungeonbooks.com/product/root-the-rpg-deluxe-edition-/WXKIYVNDZULLO7NFSWFXZ4DA,200,text/html; charset=utf-8,
https://www.dungeonbooks.com/product/rogue-protocol-the-murderbot-diaries-book-3-by-martha-wells-hardcover-/1026,200,text/html; charset=utf-8,
https://www.dungeonbooks.com/product/rogue-in-space-by-fredric-brown-vintage-/225,200,text/html; charset=utf-8,
https://www.dungeonbooks.com/product/rom-com-drama-bomb/EZGAPGIDT4ZSIUHE4TQ5S4VY,200,text/html; charset=utf-8,
https://www.dungeonbooks.com/product/rose-of-jericho-by-alex-grecian-paperback-/2P5ZXMJTOKYLRXNNXZAVLDNZ,200,text/html; charset=utf-8,
https://www.dungeonbooks.com/product/rottenheart-by-kat-dunn-hardcover-/2SQ7D6TAHD3UE4NIQGGBT6OM,200,text/html; charset=utf-8,
https://www.dungeonbooks.com/product/rpg-nasty/105,200,text/html; charset=utf-8,
https://www.dungeonbooks.com/product/ruin-in-bloom/XAXAEP6G6JPQU36EBTXUHZUF,200,text/html; charset=utf-8,
https://www.dungeonbooks.com/product/rune-duet/OQSARBARGPEBO6NXUBL7EK43,200,text/html; charset=utf-8,
https://www.dungeonbooks.com/product/rune-rpg/OE7XEVHBPVPADAEKUCZVHPUT,200,text/html; charset=utf-8,
https://www.dungeonbooks.com/product/rune-the-tale-of-the-winged-sorceress/QNBKWVIS7L4BOGJ7I75K7Y4E,200,text/html; charset=utf-8,
https://www.dungeonbooks.com/product/russian-tales-traditional-stories-of-quests-and-enchantments-hardcover-/QGDABTTS2ZL6SP2X6YH3VAQY,200,text/html; charset=utf-8,
https://www.dungeonbooks.com/product/saints-of-storm-and-sorrow-the-stormbringer-saga-by-gabriella-buba/77A3ZAL5W36IR756YUGVI3N3,200,text/html; charset=utf-8,
https://www.dungeonbooks.com/product/sabella-by-tanith-lee-paperback-/741,200,text/html; charset=utf-8,
https://www.dungeonbooks.com/product/saltcrop-by-yume-kitasei-hardcover-/SHDDSGUBEE7B2NOCEABTYGVK,200,text/html; charset=utf-8,
https://www.dungeonbooks.com/product/sal-and-gabi-break-the-universe-a-sal-and-gabi-novel-book-1-by-carlos-hernandez/7OJHZVC7AMVBRGNAQHKKN4FN,200,text/html; charset=utf-8,
https://www.dungeonbooks.com/product/sanctum/AFZ32K44KKDFXC7ODY2QWOLY,200,text/html; charset=utf-8,
https://www.dungeonbooks.com/product/saturn-s-race-by-larry-niven-vintage-/144,200,text/html; charset=utf-8,
https://www.dungeonbooks.com/product/scion-by-james-islington-hardcover-/44HXUUHMCXQCH34WQKTDFOJX,200,text/html; charset=utf-8,
https://www.dungeonbooks.com/product/ryuutama-natural-fantasy-roleplay/454,200,text/html; charset=utf-8,
https://www.dungeonbooks.com/product/scorpion-deep-by-cg-drews-hardcover-/KPFJUYXSH5VDSA5ZXIBQE427,200,text/html; charset=utf-8,
https://www.dungeonbooks.com/product/scotland-the-strange-weird-tales-from-storied-lands/696,200,text/html; charset=utf-8,
https://www.dungeonbooks.com/product/screams-amongst-the-stars-a-space-horror-rpg/30,200,text/html; charset=utf-8,
https://www.dungeonbooks.com/product/seasons-of-glass-and-iron-by-amal-el-mohtar-hardcover-/XADCS4OCDB667GNVQXWXFX2W,200,text/html; charset=utf-8,
https://www.dungeonbooks.com/product/sea-of-charms-a-spellshop-novel-by-sarah-beth-durst-hardcover-/S56M6YNOSVROMA3OB7BTKX5L,200,text/html; charset=utf-8,
https://www.dungeonbooks.com/product/season-of-storms-witcher-saga-by-andrzej-sapkowski-paperback-/875,200,text/html; charset=utf-8,
https://www.dungeonbooks.com/product/servant-of-the-earth-by-sarah-hawley-paperback-/ZUD5S73HACZD64A3UTV2OVNY,200,text/html; charset=utf-8,
https://www.dungeonbooks.com/product/service-model-by-adrian-tchaikovsky-paperback-/961,200,text/html; charset=utf-8,
https://www.dungeonbooks.com/product/seveneves-by-neal-stephenson-paperback-/633,200,text/html; charset=utf-8,
https://www.dungeonbooks.com/product/secrets-of-the-gnomes-by-wil-huygen-hardcover-/FNNXTLFHST3NPMTLZ3TDNW4P,200,text/html; charset=utf-8,
https://www.dungeonbooks.com/product/shadowdark-quick-start-set/971,200,text/html; charset=utf-8,
https://www.dungeonbooks.com/product/shadow-and-bone-the-shadow-and-bone-trilogy-book-1-by-leigh-bardugo-hardcover-/IPHB32CUFK5DDTQMZ2ZMJGDG,200,text/html; charset=utf-8,
https://www.dungeonbooks.com/product/shadow-and-claw-by-gene-wolfe-paperback-/307,200,text/html; charset=utf-8,
https://www.dungeonbooks.com/product/shadowdark-rpg-hardcover-/972,200,text/html; charset=utf-8,
https://www.dungeonbooks.com/product/shadowdark-12-character-cards-set/974,200,text/html; charset=utf-8,
https://www.dungeonbooks.com/product/shadows-of-carcosa-tales-of-cosmic-horror-by-lovecraft-chambers-machen-poe-and-other-masters-of-the-weird/490,200,text/html; charset=utf-8,
https://www.dungeonbooks.com/product/shadowdark-five-mini-adventure-cards/973,200,text/html; charset=utf-8,
https://www.dungeonbooks.com/product/she-who-knows-by-nnedi-okorafor-paperback-/EJSBHKLQRNFC5KEGFWLATOON,200,text/html; charset=utf-8,
https://www.dungeonbooks.com/product/she-hulk-breaking-the-fourth-wall-volume-3/JVDUXZ6PN3IPOEB2EWY73QPK,200,text/html; charset=utf-8,
https://www.dungeonbooks.com/product/she-hulk-by-mariko-tamaki/TI2DRAPFYWIGBS2WPQNEUFER,200,text/html; charset=utf-8,
https://www.dungeonbooks.com/product/she-hulk-the-complete-collection/IJGEKDMOETISPY5WCPYIQJNQ,200,text/html; charset=utf-8,
https://www.dungeonbooks.com/product/she-hulk-the-cosmic-squish-principle-volume-1/QO36RPCBFZZXZR7ETM22MNLE,200,text/html; charset=utf-8,
https://www.dungeonbooks.com/product/shift-silo-book-2-by-hugh-howey-paperback-/1002,200,text/html; charset=utf-8,
https://www.dungeonbooks.com/product/shadowdark-game-master-screen-foldout/975,200,text/html; charset=utf-8,
https://www.dungeonbooks.com/product/shroud-by-adrian-tchaikovsky-paperback-/3AZS3IRZX3JCNB5DED64HQXR,200,text/html; charset=utf-8,
https://www.dungeonbooks.com/product/shrines-sites-of-reverence-power-rpg/LEJCQQGNHAL2YSOQR2XBX62C,200,text/html; charset=utf-8,
https://www.dungeonbooks.com/product/silver-elite-by-dani-francis-hardcover-/K3I6EFQJNCBGXY7MTIZFRDUB,200,text/html; charset=utf-8,
https://www.dungeonbooks.com/product/silver-in-the-wood-by-emily-tesh-paperback-/625,200,text/html; charset=utf-8,
https://www.dungeonbooks.com/product/sir-cumference-and-the-sword-in-the-cone-by-cindy-neuschwander/P66PWP7TUFQX6CJHCMAUNVIM,200,text/html; charset=utf-8,
https://www.dungeonbooks.com/product/sir-gawain-and-the-green-knight-pearl-sir-orfeo-translated-by-j-r-r-tolkien-paperback-/NJBRCTLLHDIC6PLZOV55ZWTG,200,text/html; charset=utf-8,
https://www.dungeonbooks.com/product/sister-from-the-multiverse-choose-your-own-adventure-by-c-e-berger-paperback-/MR4KUL732B43QAGJBVPDUHHB,200,text/html; charset=utf-8,
https://www.dungeonbooks.com/product/six-crimson-cranes-by-elizabeth-lim-hardcover-/SCAG3JN2ILPB2YPDZA2HOYY4,200,text/html; charset=utf-8,
https://www.dungeonbooks.com/product/slade-house-a-novel-by-david-mitchell/6AJMCN6H5CUCQ757NQ3HQDZH,200,text/html; charset=utf-8,
https://www.dungeonbooks.com/product/so-blooms-the-dawn-by-julie-c-dao-paperback-/U5OYUUW2EZ74GWEP2OECVJDR,200,text/html; charset=utf-8,
https://www.dungeonbooks.com/product/smashed-by-junji-ito/509,200,text/html; charset=utf-8,
https://www.dungeonbooks.com/product/slugblaster/JV33LDJHWBUX2HZITIQR5YUA,200,text/html; charset=utf-8,
https://www.dungeonbooks.com/product/so-you-want-to-be-a-game-master-by-justin-alexander/98,200,text/html; charset=utf-8,
https://www.dungeonbooks.com/product/snow-crash-by-neal-stephenson-paperback-/323,200,text/html; charset=utf-8,
https://www.dungeonbooks.com/product/so-you-ve-been-chump-dumped-mothership-sci-fi-horror-rpg-/370,200,text/html; charset=utf-8,
https://www.dungeonbooks.com/product/some-kind-of-haunted-by-hazel-beck-paperback-/S3YFVHZV4VW3HML65PMUZ2GD,200,text/html; charset=utf-8,
https://www.dungeonbooks.com/product/solodark-solo-rules-for-shadowdark-rpg/976,200,text/html; charset=utf-8,
https://www.dungeonbooks.com/product/soft-by-jane-mai-peow2-/NBJKNKW256LBVLJOOV6NSXVH,200,text/html; charset=utf-8,
https://www.dungeonbooks.com/product/silvercloak-the-silvercloak-saga-book-1-by-l-k-steven-hardcover-/GK6O3Y6GZGLNV6MQWSG2KRHG,200,text/html; charset=utf-8,
https://www.dungeonbooks.com/product/someone-you-can-build-a-nest-in-by-john-wiswell-paperback-/YCZQMGIOVGGP5GU2TDEXNUS2,200,text/html; charset=utf-8,
https://www.dungeonbooks.com/product/something-is-wrong-with-the-chicken/PIZ42Y4BOH6GT7SHWV4DEONC,200,text/html; charset=utf-8,
https://www.dungeonbooks.com/product/somewhere-beyond-the-sea-cerulean-chronicles-volume-2-by-t-j-klune-paperback-/63MLKIUQSVOIOMJI6IGLL5QU,200,text/html; charset=utf-8,
https://www.dungeonbooks.com/product/something-followed-us-home-tales-of-latin-horror-edited-by-cynthia-pelayo-paperback-/YYAE33UL4MAXIQ3CCJC4DYQI,200,text/html; charset=utf-8,
https://www.dungeonbooks.com/product/somewhere-beyond-the-sea-cerulean-chronicles-volume-2-by-t-j-klune-hardcover-/614,200,text/html; charset=utf-8,
https://www.dungeonbooks.com/product/something-wicked-this-way-comes-by-ray-bradbury-paperback-/501,200,text/html; charset=utf-8,
https://www.dungeonbooks.com/product/songs-of-the-dead-book-1-of-the-strata-wars-by-brandon-sanderson-and-peter-orullian/PKQY7VMW3NVS4ESQEP2QPMIF,200,text/html; charset=utf-8,
https://www.dungeonbooks.com/product/son-of-a-witch-wicked-years-by-gregory-maguire-paperback-/995,200,text/html; charset=utf-8,
https://www.dungeonbooks.com/product/sorcery-of-thorns-by-margaret-rogerson-paperback-/AR4M336CQSR4Q55KJT7EBGXS,200,text/html; charset=utf-8,
https://www.dungeonbooks.com/product/space-and-beyond-choose-your-own-adventure-3-by-r-a-montgomery/4UHDLHVOZZXXK27NBWX7SQKO,200,text/html; charset=utf-8,
https://www.dungeonbooks.com/product/space-and-beyond-by-r-a-montgomery-board-book-/I7OFP3FAA3HSW3MNVVXTTFBM,200,text/html; charset=utf-8,
https://www.dungeonbooks.com/product/spark-of-the-everflame-by-penn-cole-paperback-/77GNY5ASQFRHIQTH7SQCXIXR,200,text/html; charset=utf-8,
https://www.dungeonbooks.com/product/spear-by-nicola-griffith-paperback-/73BJBLUXDK7CNG6YTW57BN7S,200,text/html; charset=utf-8,
https://www.dungeonbooks.com/product/spell-of-the-witch-world-by-andre-norton-vintage-/129,200,text/html; charset=utf-8,
https://www.dungeonbooks.com/product/spider-woman-new-duds/ZVYQNOKMUD5TAE6ERK4TW42U,200,text/html; charset=utf-8,
https://www.dungeonbooks.com/product/spider-woman-baby-talk/D44NEZZOMDCGY7LFUVU6FOJD,200,text/html; charset=utf-8,
https://www.dungeonbooks.com/product/spider-woman/M4BQ3PAON6EFA4SBFTL7T7KE,200,text/html; charset=utf-8,
https://www.dungeonbooks.com/product/spider-woman-scare-tactics/CFGSO2ZZSHHBG4IXXC2JW25P,200,text/html; charset=utf-8,
https://www.dungeonbooks.com/product/spirits-of-the-season-christmas-hauntings-edited-by-tanya-kirk-tales-of-the-weird-/AUKNKUPYJELNV23EISBX57LD,200,text/html; charset=utf-8,
https://www.dungeonbooks.com/product/stages-of-rot-by-linnea-sterte-by-linnea-sterte/3DJAJW7EQ7A6FVCPKNWI2TCA,200,text/html; charset=utf-8,
https://www.dungeonbooks.com/product/spider-woman-spider-verse/ZCDNCLYVWFJJUM6ILBJ6EIP2,200,text/html; charset=utf-8,
https://www.dungeonbooks.com/product/star-wars-force-and-destiny-roleplaying-game/806,200,text/html; charset=utf-8,
https://www.dungeonbooks.com/product/star-shine-by-fredric-brown-vintage-/226,200,text/html; charset=utf-8,
https://www.dungeonbooks.com/product/startup-hell-by-caitlin-rozakis-paperback-signed/ZZ5LFFC6BTXLN2ZHWNEZCZIT,200,text/html; charset=utf-8,
https://www.dungeonbooks.com/product/steel-gods-the-great-silence-book-2-by-richard-swan-paperback-/MSUHA62OCSJSVBIXXOKTINYX,200,text/html; charset=utf-8,
https://www.dungeonbooks.com/product/steel-magic-magic-series-1-by-andre-norton/125,200,text/html; charset=utf-8,
https://www.dungeonbooks.com/product/sticker-book-spoiler-repellent-/835,200,text/html; charset=utf-8,
https://www.dungeonbooks.com/product/stewpot-tales-from-a-fantasy-tavern/814,200,text/html; charset=utf-8,
https://www.dungeonbooks.com/product/sticker-books-are-magic-/828,200,text/html; charset=utf-8,
https://www.dungeonbooks.com/product/sticker-born-to-read-forced-to-grind-/837,200,text/html; charset=utf-8,
https://www.dungeonbooks.com/product/sticker-crying-over-fictional-characters-/834,200,text/html; charset=utf-8,
https://www.dungeonbooks.com/product/sticker-dinosaur-ufo-/772,200,text/html; charset=utf-8,
https://www.dungeonbooks.com/product/sticker-hamster-nap-by-wendy-jia/1031,200,text/html; charset=utf-8,
https://www.dungeonbooks.com/product/sticker-hamster-pokemon-i-chews-you-by-wendy-jia/1028,200,text/html; charset=utf-8,
https://www.dungeonbooks.com/product/sticker-i-tried-to-form-a-gang-but-it-turned-into-a-book-club-/749,200,text/html; charset=utf-8,
https://www.dungeonbooks.com/product/sticker-oni-i-ve-got-you-by-wendy-jia/1030,200,text/html; charset=utf-8,
https://www.dungeonbooks.com/product/sticker-leaving-reality-entering-fiction-/747,200,text/html; charset=utf-8,
https://www.dungeonbooks.com/product/sticker-reading-in-peace-/831,200,text/html; charset=utf-8,
https://www.dungeonbooks.com/product/sticker-snow-fairy-witch-by-wendy-jia/1029,200,text/html; charset=utf-8,
https://www.dungeonbooks.com/product/sticker-i-m-not-procrastinating-i-m-doing-side-quests-/771,200,text/html; charset=utf-8,
https://www.dungeonbooks.com/product/sticker-take-me-away-/830,200,text/html; charset=utf-8,
https://www.dungeonbooks.com/product/sticker-cat-reading-sitting-on-books/838,200,text/html; charset=utf-8,
https://www.dungeonbooks.com/product/sticker-fantasy-dragon-on-books/832,200,text/html; charset=utf-8,
https://www.dungeonbooks.com/product/sticker-i-love-ny-by-wendy-jia/7OSKMXT5RR4B32XUSOVLYYBB,200,text/html; charset=utf-8,
https://www.dungeonbooks.com/product/sticker-alien-abduction-cats-ufo/3GGABEBNXEEXMJUPTT5KZ4A6,200,text/html; charset=utf-8,
https://www.dungeonbooks.com/product/sticker-cat-coffee/DGBA3UKJMERV3622HPCTR7O5,200,text/html; charset=utf-8,
https://www.dungeonbooks.com/product/sticker-cat-in-book/NP4XPWC6HEAVDW5VNZ2RAFRC,200,text/html; charset=utf-8,
https://www.dungeonbooks.com/product/sticker-cat-mushroom/X3EQ4574QKLQZSG4XITP5JHH,200,text/html; charset=utf-8,
https://www.dungeonbooks.com/product/sticker-fox-with-books/ID63LZL36FD6ILLCBHQGMONC,200,text/html; charset=utf-8,
https://www.dungeonbooks.com/product/sticker-dinosaur-tea/TZF52ASYZKWLIKAUAUBJRJTP,200,text/html; charset=utf-8,
https://www.dungeonbooks.com/product/sticker-raven-s-y2k-90s/HWOR75Y7BZQQSLQTL3XPPS4W,200,text/html; charset=utf-8,
https://www.dungeonbooks.com/product/sticker-squirrel-reading/5PYKP2J44LMITP7J7PRDZIRO,200,text/html; charset=utf-8,
https://www.dungeonbooks.com/product/stories-of-your-life-by-ted-chiang-paperback-/556,200,text/html; charset=utf-8,
https://www.dungeonbooks.com/product/stowaway-to-mars-by-john-wyndham-paperback-/I3U426CW7XWCF7CQTVFHYLTK,200,text/html; charset=utf-8,
https://www.dungeonbooks.com/product/sticker-owl-on-books/NGTU2JBJBCFEJMSIK47LASZ4,200,text/html; charset=utf-8,
https://www.dungeonbooks.com/product/strange-the-dreamer-strange-the-dreamer-book-1-by-laini-taylor-paperback-/3IFWBAQO3T77HEMRC5T4WWWU,200,text/html; charset=utf-8,
https://www.dungeonbooks.com/product/stranger-in-a-strange-land-by-robert-a-heinlein-paperback-/728,200,text/html; charset=utf-8,
https://www.dungeonbooks.com/product/stranger-things-and-dungeons-dragons/492,200,text/html; charset=utf-8,
https://www.dungeonbooks.com/product/substratum-protocol/2UFVXXCKCIIP3NPOSDQA7BFY,200,text/html; charset=utf-8,
https://www.dungeonbooks.com/product/sunbringer-fallen-gods-book-2-by-hannah-kaner-paperback-/992,200,text/html; charset=utf-8,
https://www.dungeonbooks.com/product/sunrise-dance-by-serena-gingold-allen-hardcover-/XTMAH3AIFAYSMEWLGGLR6R4H,200,text/html; charset=utf-8,
https://www.dungeonbooks.com/product/sublimation-by-isabel-j-kim-hardcover-signed/3HRN5W3LAQUUIILNTU77D5QU,200,text/html; charset=utf-8,
https://www.dungeonbooks.com/product/sweat-and-soap/T7JYNZTCZMEPN377WRHW3VK3,200,text/html; charset=utf-8,
https://www.dungeonbooks.com/product/sunrise-on-the-reaping-by-a-hunger-games-novel-by-suzanne-collins-hardcover-/1079,200,text/html; charset=utf-8,
https://www.dungeonbooks.com/product/sword-citadel-the-book-of-the-new-sun-book-2-by-gene-wolfe-paperback-/922,200,text/html; charset=utf-8,
https://www.dungeonbooks.com/product/sword-splitter-1-max-schaller-/466,200,text/html; charset=utf-8,
https://www.dungeonbooks.com/product/sword-stone-table-old-legends-new-voices-paperback-/YZZBDIM6XT22NDQ2QMY7JH6E,200,text/html; charset=utf-8,
https://www.dungeonbooks.com/product/sword-splitter-2-max-schaller-/467,200,text/html; charset=utf-8,
https://www.dungeonbooks.com/product/swordcrossed-by-freya-markse-paperback-/VDMJMLWIRNAQ74546PFRCLUJ,200,text/html; charset=utf-8,
https://www.dungeonbooks.com/product/sword-maker/234,200,text/html; charset=utf-8,
https://www.dungeonbooks.com/product/swordheart-by-t-kingfisher-paperback-/YRZ62ZLCXD6N7Z6FCJGTESVG,200,text/html; charset=utf-8,
https://www.dungeonbooks.com/product/swords-and-deviltry-ace-by-fritz-leiber/VYXM7K2KTOBEV7L5CRKG4CBS,200,text/html; charset=utf-8,
https://www.dungeonbooks.com/product/swords-of-mars-the-martian-tales-8-by-edgar-rice-burroughs-vintage-/FUFA2EEATNSU46LHSP5EQYTO,200,text/html; charset=utf-8,
https://www.dungeonbooks.com/product/tal-dorei-reborn/NRJKAHIY4GYPK2I5SP4W4CFQ,200,text/html; charset=utf-8,
https://www.dungeonbooks.com/product/synethetic-men-of-mars-by-edgar-rice-burroughs-vintage-/WDJDMTRFSBRI2HBVMLUDU73L,200,text/html; charset=utf-8,
https://www.dungeonbooks.com/product/tailored-realities-by-brandon-sanderson-hardcover-/WZ4NJAEJ6U6S2ZYPQNGRTAP6,200,text/html; charset=utf-8,
https://www.dungeonbooks.com/product/tales-from-fiddler-s-green-1-premiere-issue/562,200,text/html; charset=utf-8,
https://www.dungeonbooks.com/product/tales-from-the-loop-rpg/723,200,text/html; charset=utf-8,
https://www.dungeonbooks.com/product/tales-from-fiddler-s-green-2-midnight-flowers/561,200,text/html; charset=utf-8,
https://www.dungeonbooks.com/product/tales-from-the-yawning-portal/319,200,text/html; charset=utf-8,
https://www.dungeonbooks.com/product/tales-of-india-folktales-from-bengal-punjab-and-tamil-nadu-hardcover-/52ABPVLHJSVZCJSCWOEQFKRD,200,text/html; charset=utf-8,
https://www.dungeonbooks.com/product/tales-of-east-africa-by-jamilla-okubo-hardcover-/NGCEVEGKKN6IR2AICX4CGFFG,200,text/html; charset=utf-8,
https://www.dungeonbooks.com/product/tales-of-japan-traditional-stories-of-monsters-and-magic-book-of-japanese-mythology-folk-tales-from-japan-traditional-tales-by-chronicle-books-hardcover-/XTHTH6DF4BEHCZ42YH5GU54P,200,text/html; charset=utf-8,
https://www.dungeonbooks.com/product/tales-of-polynesia-hardcover-/U5VEBP7DQXMQRGHMLDFNU62G,200,text/html; charset=utf-8,
https://www.dungeonbooks.com/product/tales-of-power-by-carlos-castaneda-vintage-/232,200,text/html; charset=utf-8,
https://www.dungeonbooks.com/product/tales-of-the-cthulhu-mythos-lovecraft/499,200,text/html; charset=utf-8,
https://www.dungeonbooks.com/product/tales-of-the-dying-earth-by-jack-vance-paperback-/624,200,text/html; charset=utf-8,
https://www.dungeonbooks.com/product/tales-of-the-fae-by-chronicle-chronicle-books-hardcover-/F5IQDJZ5LYOTX4XNYAVAZETQ,200,text/html; charset=utf-8,
https://www.dungeonbooks.com/product/tales-of-the-weird/470,200,text/html; charset=utf-8,
https://www.dungeonbooks.com/product/tales-of-unknown-space-the-universe-of-larry-niven-vintage-/160,200,text/html; charset=utf-8,
https://www.dungeonbooks.com/product/tangled/19,200,text/html; charset=utf-8,
https://www.dungeonbooks.com/product/tannic/21,200,text/html; charset=utf-8,
https://www.dungeonbooks.com/product/tarou-the-fall-by-dana-fredsti-david-fitzgerald-paperback-/YEML7IWOGGVVYUI4UNUNRFN3,200,text/html; charset=utf-8,
https://www.dungeonbooks.com/product/tarzan-and-the-ant-men-ballantine-tarzan-10-by-edgar-rice-burroughs-vintage-/188,200,text/html; charset=utf-8,
https://www.dungeonbooks.com/product/tarzan-and-the-foreign-legion-ballantine-tarzan-22-by-edgar-rice-burroughs-vintage-/186,200,text/html; charset=utf-8,
https://www.dungeonbooks.com/product/tarzan-and-the-golden-lion-ballantine-tarzan-9-by-edgar-rice-burroughs-vintage-/189,200,text/html; charset=utf-8,
https://www.dungeonbooks.com/product/tarzan-of-the-apes-ballantine-tarzan-1-by-edgar-rice-burroughs-vintage-/193,200,text/html; charset=utf-8,
https://www.dungeonbooks.com/product/tarzan-the-terrible-ballantine-tarzan-8-by-edgar-rice-burroughs-vintage-/190,200,text/html; charset=utf-8,
https://www.dungeonbooks.com/product/tales-of-the-sea-traditional-stories-of-magic-and-adventure-from-around-the-world-traditional-tales-by-maggie-chiang-hardcover-/RSQUAF3UB7L5HIZHTTAVHLVL,200,text/html; charset=utf-8,
https://www.dungeonbooks.com/product/tarzan-lord-of-the-jungle-ballantine-tarzan-11-by-edgar-rice-burroughs-vintage-/187,200,text/html; charset=utf-8,
https://www.dungeonbooks.com/product/teddy-bears-never-die-by-cho-yeeun-paperback-/MGQKZTXQOPJ4MNDUH3YYLH4Y,200,text/html; charset=utf-8,
https://www.dungeonbooks.com/product/technical-slip-by-john-wyndham-paperback-/ZYYAGD5KIH7OALNM7VU5Q5M3,200,text/html; charset=utf-8,
https://www.dungeonbooks.com/product/tempest-deluxe-limited-edition-by-victoria-aveyard-hardcover-/QH3F7YAEPO6GID57RFCFTVRF,200,text/html; charset=utf-8,
https://www.dungeonbooks.com/product/tempus-omni/104,200,text/html; charset=utf-8,
https://www.dungeonbooks.com/product/ten-one-page-rpgs-for-younger-players-/101,200,text/html; charset=utf-8,
https://www.dungeonbooks.com/product/tehanu-earthsea-book-4-by-ursula-k-le-guin-paperback-/715,200,text/html; charset=utf-8,
https://www.dungeonbooks.com/product/ten-thousand-stitches-regency-faerie-tales-by-olivia-atwater-paperback-/HOUH3KUGP6ATZG4QK3QAENPI,200,text/html; charset=utf-8,
https://www.dungeonbooks.com/product/tephrotic-nightmares/SMSEX2EXGD5L47HNAMWULKUL,200,text/html; charset=utf-8,
https://www.dungeonbooks.com/product/that-hideous-strength-by-c-s-lewis-vintage-/185,200,text/html; charset=utf-8,
https://www.dungeonbooks.com/product/test-purchase/6RMJMVDHHAQTKPAFIL2VEJEH,200,text/html; charset=utf-8,
https://www.dungeonbooks.com/product/tether-rpg/XSNEA4T5I3F2TONKSQ3ECY2L,200,text/html; charset=utf-8,
https://www.dungeonbooks.com/product/that-time-i-got-drunk-and-saved-a-demon-mead-mishaps-by-kimberly-lemming-paperback-/878,200,text/html; charset=utf-8,
https://www.dungeonbooks.com/product/teo-s-durumi-alliance-book-2-by-elaine-u-cho/3Y36PDXDMLNX3V44BNJQQ2UH,200,text/html; charset=utf-8,
https://www.dungeonbooks.com/product/that-time-i-got-drunk-and-saved-a-human-mead-mishaps-by-kimberly-lemming-paperback-/880,200,text/html; charset=utf-8,
https://www.dungeonbooks.com/product/that-time-i-got-drunk-and-yeeted-a-love-potion-at-a-werewolf-mead-mishaps-by-kimberly-lemming-paperback-/879,200,text/html; charset=utf-8,
https://www.dungeonbooks.com/product/the-almanac-of-sanguine-paths/2VT3AFK3B2AOKTBYRRIULMGW,200,text/html; charset=utf-8,
https://www.dungeonbooks.com/product/the-atlas-of-imaginary-places-by-altea-villa/418,200,text/html; charset=utf-8,
https://www.dungeonbooks.com/product/the-baby-dragon-cafe-by-a-t-qureshi-paperback-/CJFKKPOYUMNWNJFGBTLV6NTN,200,text/html; charset=utf-8,
https://www.dungeonbooks.com/product/the-amberglow-candy-store-by-hiyoko-kurisu-hardcover-/RVRZ5VUUZUV3RX2F3CUDNCJL,200,text/html; charset=utf-8,
https://www.dungeonbooks.com/product/the-baker-and-the-bard-by-fern-haught-paperback-/AAKLTQ4EFKE33M2AON6R6VKW,200,text/html; charset=utf-8,
https://www.dungeonbooks.com/product/the-bakery-dragon-and-the-fairy-cake-by-devin-elle-kurtz/OK6TXLUDQFBNTPPVDSFMWHFK,200,text/html; charset=utf-8,
https://www.dungeonbooks.com/product/the-battle-of-the-labyrinth-percy-jackson-and-the-olympians-book-4-by-rick-rickordan/935,200,text/html; charset=utf-8,
https://www.dungeonbooks.com/product/the-bear-and-the-nightingale-a-novel-winternight-trilogy-by-katherine-arden/IHFAELEIXVWQQKORX6RVTNIA,200,text/html; charset=utf-8,
https://www.dungeonbooks.com/product/the-beasts-of-tarzan-by-edgar-rice-burroughs-vintage-/TURQSNKUR36GUWMH42CQ4ERO,200,text/html; charset=utf-8,
https://www.dungeonbooks.com/product/the-beast-that-shouted-love-at-the-heart-of-the-world-by-harlan-ellison-vintage-/230,200,text/html; charset=utf-8,
https://www.dungeonbooks.com/product/the-beginning-place-a-novel-by-ursula-k-le-guin-paperback-/XTNZDYUOAT266QBBH7GGAU2K,200,text/html; charset=utf-8,
https://www.dungeonbooks.com/product/the-best-american-science-fiction-and-fantasy-2025-by-john-joseph-adams-nnedi-okorafor-paperback-/UXXKMHZ76RUSHSGMFO546AFF,200,text/html; charset=utf-8,
https://www.dungeonbooks.com/product/the-best-american-science-fiction-and-fantasy-2024/637,200,text/html; charset=utf-8,
https://www.dungeonbooks.com/product/the-best-of-the-beauty-of-horror-coloring-book/L4HM5BZ2JRNUHIMXDWXYKM5C,200,text/html; charset=utf-8,
https://www.dungeonbooks.com/product/the-bewitching-by-silvia-moreno-garcia-hardcover-/EMBUJZUVMBM2HONNBA6MAZEA,200,text/html; charset=utf-8,
https://www.dungeonbooks.com/product/the-black-cauldron-chronicles-of-prydain-by-lloyd-alexander-paperback-/I2ZHJOKXZX6H4QD4JSNF5ZL4,200,text/html; charset=utf-8,
https://www.dungeonbooks.com/product/the-black-death-by-john-hatcher-paperback-/861,200,text/html; charset=utf-8,
https://www.dungeonbooks.com/product/the-big-time-by-fritz-leiber-vintage-/244,200,text/html; charset=utf-8,
https://www.dungeonbooks.com/product/the-black-wyrm-of-brandonsford/14,200,text/html; charset=utf-8,
https://www.dungeonbooks.com/product/the-black-paradox-by-junji-ito/511,200,text/html; charset=utf-8,
https://www.dungeonbooks.com/product/the-blade-itself-the-first-law-trilogy-book-1-by-joe-abercrombie/854,200,text/html; charset=utf-8,
https://www.dungeonbooks.com/product/the-bone-shard-daughter-the-drowning-empire-1-by-andrea-stewart/7GBFVTIJ7QISII476F7Q75AY,200,text/html; charset=utf-8,
https://www.dungeonbooks.com/product/the-bone-shard-war-drowning-empire-by-stewart-paperback-/NDZYJDQJ7Y7R6ZA6KVUM2KTE,200,text/html; charset=utf-8,
https://www.dungeonbooks.com/product/the-book-of-elsewhere-by-keanu-reeves-china-mi-ville-hardcover-/524,200,text/html; charset=utf-8,
https://www.dungeonbooks.com/product/the-book-of-elsewhere-by-keanu-reeves-china-mie-ville-paperback-/AS72KARRMJOAMT4CQ3TMYQAE,200,text/html; charset=utf-8,
https://www.dungeonbooks.com/product/the-bone-shard-emperor-the-drowning-empire-2-by-andrea-stewart/XCJ4B4HQD4CLESL3MD55Q4EA,200,text/html; charset=utf-8,
https://www.dungeonbooks.com/product/the-book-of-fritz-leiber-vintage-/293,200,text/html; charset=utf-8,
https://www.dungeonbooks.com/product/the-book-of-nod/UEH44CHXTHYEZHZLR5E6DQNA,200,text/html; charset=utf-8,
https://www.dungeonbooks.com/product/the-book-of-gaub/385,200,text/html; charset=utf-8,
https://www.dungeonbooks.com/product/the-book-that-broke-the-world-the-library-trilogy-2-by-mark-lawrence/786,200,text/html; charset=utf-8,
https://www.dungeonbooks.com/product/the-book-of-three-the-chronicles-of-prydain-book-1-by-lloyd-alexander-paperback-/WHCEIJLYC5HXNH3GP3IENFN2,200,text/html; charset=utf-8,
https://www.dungeonbooks.com/product/the-book-that-held-her-heart-the-library-trilogy-3-by-mark-lawrence-hardcover-/818,200,text/html; charset=utf-8,
https://www.dungeonbooks.com/product/the-book-that-wouldn-t-burn-the-library-trilogy-1-by-mark-lawrence-paperback-/787,200,text/html; charset=utf-8,
https://www.dungeonbooks.com/product/the-book-witch-by-meg-shaffer-paperback-/CZCEZ4WRIAWKWS3CR76IZWLF,200,text/html; charset=utf-8,
https://www.dungeonbooks.com/product/the-bridge-kingdom-by-danielle-l-jensen/571,200,text/html; charset=utf-8,
https://www.dungeonbooks.com/product/the-brides-of-high-hill-singing-hills-cycle-by-nghi-vo-hardcover-/930,200,text/html; charset=utf-8,
https://www.dungeonbooks.com/product/the-broken-sword-by-poul-anderson-paperback-/775,200,text/html; charset=utf-8,
https://www.dungeonbooks.com/product/the-buried-giant-by-kazuo-ishiguro-paperback-/TLWMXM5OBC625IZIMY4Q63JH,200,text/html; charset=utf-8,
https://www.dungeonbooks.com/product/the-bright-sword-a-novel-of-king-arthur-paperback-/GICFR63JV4C2JQFFQ7UQOUD5,200,text/html; charset=utf-8,
https://www.dungeonbooks.com/product/the-brides-by-charlotte-cross-hardcover-/KF6XZHIVKPUMSTLLDY56OUMT,200,text/html; charset=utf-8,
https://www.dungeonbooks.com/product/the-burning-god-the-poppy-war-book-3-by-r-f-kuang-paperback-/990,200,text/html; charset=utf-8,
https://www.dungeonbooks.com/product/the-burning-wheel-fantasy-roleplaying-system/UL737TG5MKIC6KO4FKUBCWPU,200,text/html; charset=utf-8,
https://www.dungeonbooks.com/product/the-butcher-of-the-forest-by-premee-mohamed-paperback-/911,200,text/html; charset=utf-8,
https://www.dungeonbooks.com/product/the-butcher-s-masquerade-by-matt-dinniman-hardcover-/796,200,text/html; charset=utf-8,
https://www.dungeonbooks.com/product/the-caf-at-the-edge-of-the-woods-by-mikey-please-hardcover-/2ZAEYYNFTPKQ4GOCNBJM6OI3,200,text/html; charset=utf-8,
https://www.dungeonbooks.com/product/the-canterbury-tales-by-geoffrey-chaucer-paperback-/445,200,text/html; charset=utf-8,
https://www.dungeonbooks.com/product/the-castle-of-llyr-vintage-/238,200,text/html; charset=utf-8,
https://www.dungeonbooks.com/product/the-cat-who-saved-books-by-sosuke-natsukawa-paperback-/632,200,text/html; charset=utf-8,
https://www.dungeonbooks.com/product/the-calamities-the-fiends-1-by-chuck-wendig-hardcover-/YQHNWZQNDC56EFAVVVYIKF6I,200,text/html; charset=utf-8,
https://www.dungeonbooks.com/product/the-cat-the-owl-and-the-fresh-fish-by-nadine-robert/AEK6ITYSFPYCZCZLMDWX7EEI,200,text/html; charset=utf-8,
https://www.dungeonbooks.com/product/the-cat-who-saved-the-library-by-sosuke-natsukawa-hardcover-/994,200,text/html; charset=utf-8,
https://www.dungeonbooks.com/product/the-changeling-by-victor-lavalle-paperback-/BCYMZ2TRCXR3GKJOIDDGXNHO,200,text/html; charset=utf-8,
https://www.dungeonbooks.com/product/the-chronicles-of-chrestomanci-volume-1-by-diana-wynne-jones-paperback-/613,200,text/html; charset=utf-8,
https://www.dungeonbooks.com/product/the-chessmen-of-mars-by-edgar-rice-burroughs-vintage-/198,200,text/html; charset=utf-8,
https://www.dungeonbooks.com/product/the-chromatic-fantasy-by-h-a-/NWQLINNDZKCVRTR5IURPPTTO,200,text/html; charset=utf-8,
https://www.dungeonbooks.com/product/the-cave-of-time-choose-your-own-adventure-retro-editions-by-edward-packard-paperback-/QCURCIJ4FXHBP7RCRANRUSC2,200,text/html; charset=utf-8,
https://www.dungeonbooks.com/product/the-chronicles-of-narnia-the-lion-the-witch-and-the-wardrobe-by-c-s-lewis-paperback-/595,200,text/html; charset=utf-8,
https://www.dungeonbooks.com/product/the-city-and-its-uncertain-walls-paperback-by-haruki-murakami-paperback-/2VRHQ4KQ5PJ7ZIB35HDRKABO,200,text/html; charset=utf-8,
https://www.dungeonbooks.com/product/the-city-of-brass-a-novel-the-daevabad-trilogy-by-s-a-chakraborty-paperback-/IU5STDFDIZEQC2VOIOBAOZ77,200,text/html; charset=utf-8,
https://www.dungeonbooks.com/product/the-city-of-brass-deluxe-edition-by-s-a-chakraborty-hardcover-/KF4UAIIJPS6PUEKLH3EVKHCT,200,text/html; charset=utf-8,
https://www.dungeonbooks.com/product/the-city-in-the-middle-of-the-night-by-charlie-jane-anders-paperback-/BPGT3LZ7Y6DDFAEI5AHJFBWM,200,text/html; charset=utf-8,
https://www.dungeonbooks.com/product/the-city-and-its-uncertain-walls-by-haruki-murakami-hardcover-/484,200,text/html; charset=utf-8,
https://www.dungeonbooks.com/product/the-chronicles-of-narnia-the-magician-s-nephew-by-c-s-lewis-paperback-/596,200,text/html; charset=utf-8,
https://www.dungeonbooks.com/product/the-court-of-venus-by-bel-banta-deluxe-hardcover-/Z3B2SW3AQUQ4F6HU4O2WDONF,200,text/html; charset=utf-8,
https://www.dungeonbooks.com/product/the-compendium-of-magical-beasts-an-anatomical-study-of-cryptozoology-s-most-elusive-beings/584,200,text/html; charset=utf-8,
https://www.dungeonbooks.com/product/the-cold-dark/F7V6TCKVKB2R5TPAWJHX34QH,200,text/html; charset=utf-8,
https://www.dungeonbooks.com/product/the-complete-compleat-enchanter-vintage-/242,200,text/html; charset=utf-8,
https://www.dungeonbooks.com/product/the-color-of-magic-by-terry-pratchett-paperback-/611,200,text/html; charset=utf-8,
https://www.dungeonbooks.com/product/the-courts-of-chaos-by-roger-zelazny-vintage-/210,200,text/html; charset=utf-8,
https://www.dungeonbooks.com/product/the-crooked-moon-folk-horror-roleplaying-game-for-5e/VPELI4P2NB623SE735VSQRJ5,200,text/html; charset=utf-8,
https://www.dungeonbooks.com/product/the-dallergut-dream-department-store-by-miye-lee-hardcover-/576,200,text/html; charset=utf-8,
https://www.dungeonbooks.com/product/the-crooked-moon-wickermoor-gm-screen-maps/TXM64RJCZBHE4TOMV4Y4GRQF,200,text/html; charset=utf-8,
https://www.dungeonbooks.com/product/the-cruel-prince-the-folk-of-the-air-1-by-holly-black-paperback-/VV3H35HDXCZNIXW6NMFRZH3W,200,text/html; charset=utf-8,
https://www.dungeonbooks.com/product/the-dark-forest-the-three-body-problem-series-2-by-cixin-liu-paperback-/1023,200,text/html; charset=utf-8,
https://www.dungeonbooks.com/product/the-dark-hand-of-magic-by-barbara-hambly-vintage-/5BCFZ3NSHCW4VIFSFOEKRKS4,200,text/html; charset=utf-8,
https://www.dungeonbooks.com/product/the-darksword-trilogy-vintage-/233,200,text/html; charset=utf-8,
https://www.dungeonbooks.com/product/the-dawn-of-amber-by-roger-zelazny-vintage-/202,200,text/html; charset=utf-8,
https://www.dungeonbooks.com/product/the-day-of-the-triffids-by-john-wyndham-paperback-/729,200,text/html; charset=utf-8,
https://www.dungeonbooks.com/product/the-daughters-war-blacktongue-prequel-by-christopher-buehlman-paperback-/962,200,text/html; charset=utf-8,
https://www.dungeonbooks.com/product/the-daughter-of-doctor-moreau-by-silvia-moreno-garcia-paperback-/913,200,text/html; charset=utf-8,
https://www.dungeonbooks.com/product/the-dead-romantics-by-ashley-poston-paperback-/FNRVIGUZV246SKXUN7MQ4KTV,200,text/html; charset=utf-8,
https://www.dungeonbooks.com/product/the-death-of-jane-lawrence-a-novel-by-caitlin-starling-paperback-/IEQSXXJXQGXG4NHDWW7A7BPR,200,text/html; charset=utf-8,
https://www.dungeonbooks.com/product/the-dead-take-the-a-train-carrion-city-by-richard-kadrey-cassandra-khaw-paperback-/7Y4VUG36XUJVW7L6ECQS3PV6,200,text/html; charset=utf-8,
https://www.dungeonbooks.com/product/the-dancing-plague-by-gareth-brookes-paperback-/RYDVMHWGU4GHUX5ACUEP7FM3,200,text/html; charset=utf-8,
https://www.dungeonbooks.com/product/the-death-of-king-arthur-the-immortal-legend-by-sir-thomas-mallory/QIJFWLEIBXTPAJT2BHU3XRKN,200,text/html; charset=utf-8,
https://www.dungeonbooks.com/product/the-deep-sky-by-yume-kitasei-paperback-/KTSQBOSFL3HEN7O4EEKMOVA5,200,text/html; charset=utf-8,
https://www.dungeonbooks.com/product/the-decadent-bestiary-by-sam-kunkel-jessica-gossling-paperback-/GQLDFWB4AAH6G6XZQ2OEYIQP,200,text/html; charset=utf-8,
https://www.dungeonbooks.com/product/the-demon-star-by-jesse-aragon-hardcover-/WKH6QKOUQ6WRTTYQWYC2UO57,200,text/html; charset=utf-8,
https://www.dungeonbooks.com/product/the-devils-by-joe-abercrombie-hardcover-/978,200,text/html; charset=utf-8,
https://www.dungeonbooks.com/product/the-dispossessed-50th-anniversary-edition-by-ursula-k-le-guin-paperback-/549,200,text/html; charset=utf-8,
https://www.dungeonbooks.com/product/the-doom-that-came-to-sarnath-vintage-/278,200,text/html; charset=utf-8,
https://www.dungeonbooks.com/product/the-door-into-fire-by-diane-duane-vintage-/C2NRABV6ZNW5JE4QHMYCLXUN,200,text/html; charset=utf-8,
https://www.dungeonbooks.com/product/the-door-locks-behind-you-character-sheets/D7MTXRM6G7J6KDF56AOLLFYG,200,text/html; charset=utf-8,
https://www.dungeonbooks.com/product/the-door-locks-behind-you-rpg-character-sheets/297,200,text/html; charset=utf-8,
https://www.dungeonbooks.com/product/the-dragon-atlas-by-anna-claybourne-pham-quang-phuc-hardcover-/AO55ZK547F4BKFIKQBDHG7SO,200,text/html; charset=utf-8,
https://www.dungeonbooks.com/product/the-dragon-has-some-complaints-by-john-wishwell-hardcover-/3OVEO4IZGL5GZAFPGW7OIRBL,200,text/html; charset=utf-8,
https://www.dungeonbooks.com/product/the-dragon-hoard-by-tanith-lee-vintage-/669,200,text/html; charset=utf-8,
https://www.dungeonbooks.com/product/the-dragon-republic-the-poppy-war-2-by-r-f-kuang/1001,200,text/html; charset=utf-8,
https://www.dungeonbooks.com/product/the-dragons-of-babel-by-michael-swanwick-paperback-/SW2TYMVCQHVT77F427JQMJAR,200,text/html; charset=utf-8,
https://www.dungeonbooks.com/product/the-dragon-wakes-with-thunder-the-dragon-spirit-duology-by-k-x-song-hardcover-/4WG3PKHQJ7VBQXPCX4OJGDQY,200,text/html; charset=utf-8,
https://www.dungeonbooks.com/product/the-dreaming-city-lancer-1972-by-michael-moorcock-vintage-/206,200,text/html; charset=utf-8,
https://www.dungeonbooks.com/product/the-dungeon-anarchist-s-cookbook-dungeon-crawler-carl-book-3-by-matt-dinniman-hardcover-/738,200,text/html; charset=utf-8,
https://www.dungeonbooks.com/product/the-dungeon-book-by-gareth-hanrahan-paperback-/V2QT5ZFGHM7JOCFHZQYV4G2Y,200,text/html; charset=utf-8,
https://www.dungeonbooks.com/product/the-dungeons-dragons-tarot-deck-a-78-card-deck-and-guidebook/DZ3LRP5UFO2VZ6A4GBOQTO7E,200,text/html; charset=utf-8,
https://www.dungeonbooks.com/product/the-empress-of-salt-and-fortune-by-nghi-vo-paperback-/50,200,text/html; charset=utf-8,
https://www.dungeonbooks.com/product/the-elsewhere-express-by-samantha-soto-yambao-hardcover-/VPRX35SCY7M7O76AWPFQR5FN,200,text/html; charset=utf-8,
https://www.dungeonbooks.com/product/the-entanglement-of-rival-wizards-magic-and-romance-by-sara-raasch-paperback-/UMMCDYLZXRS4QBYSO4VMMMIL,200,text/html; charset=utf-8,
https://www.dungeonbooks.com/product/the-eternal-champion-blue-cover-/223,200,text/html; charset=utf-8,
https://www.dungeonbooks.com/product/the-everlasting-by-alix-e-harrow-hardcover-/WVZGPJVSLNSKLMYUG4NRCH7E,200,text/html; charset=utf-8,
https://www.dungeonbooks.com/product/the-eye-of-the-heron-by-ursula-k-le-guin-paperback-/GIAUQLUMZIIRU2TERTYJFSDE,200,text/html; charset=utf-8,
https://www.dungeonbooks.com/product/the-eternal-champion-vintage-/4,200,text/html; charset=utf-8,
https://www.dungeonbooks.com/product/the-eye-of-the-world-by-robert-jordan-hardcover-/674,200,text/html; charset=utf-8,
https://www.dungeonbooks.com/product/the-enchanted-greenhouse-by-sarah-beth-durst-hardcover-/RBTT6L3CHEPCH55KTCF6FUEQ,200,text/html; charset=utf-8,
https://www.dungeonbooks.com/product/the-eye-of-the-world-book-one-of-the-wheel-of-time-by-robert-jordan-paperback-/680,200,text/html; charset=utf-8,
https://www.dungeonbooks.com/product/the-exquisite-torment-of-loving-your-enemy-book-2-of-the-dearly-beloathed-duology-by-brigitte-knightley-hardcover-/HCJ7JXPAUVDJQNYPTVZAMK2N,200,text/html; charset=utf-8,
https://www.dungeonbooks.com/product/the-eyes-of-heisenberg-by-frank-herbert-vintage-/183,200,text/html; charset=utf-8,
https://www.dungeonbooks.com/product/the-faceless-thing-we-adore-by-hester-steel-hardcover-/7LFPSJUIRLY4PIWW7VOWRKAR,200,text/html; charset=utf-8,
https://www.dungeonbooks.com/product/the-fairy-tale-oracle/CMTME5O5CZEGJZJFMG7HXRT3,200,text/html; charset=utf-8,
https://www.dungeonbooks.com/product/the-face-in-the-frost-by-john-bellairs-paperback-/777,200,text/html; charset=utf-8,
https://www.dungeonbooks.com/product/the-faithless-magic-of-the-lost-by-c-l-clark-paperback-/C4PJJVNLEMS2G2VFJNBO3OF5,200,text/html; charset=utf-8,
https://www.dungeonbooks.com/product/the-fake-divination-offense-by-sara-raasch-paperback-/TJLN6WLADQPF6OFPWH4TE2EQ,200,text/html; charset=utf-8,
https://www.dungeonbooks.com/product/the-fall-of-hyperion-by-dan-simmons-mass-market-paperback-/ZI35EP3742XD37JUTUU7HPFU,200,text/html; charset=utf-8,
https://www.dungeonbooks.com/product/the-fall-of-hyperion-by-dan-simmons-paperback-/L2SHAAIHTW43A65CYY5PA4H5,200,text/html; charset=utf-8,
https://www.dungeonbooks.com/product/the-fall-of-the-house-of-usher-and-other-tales-by-edgar-allan-poe/485,200,text/html; charset=utf-8,
https://www.dungeonbooks.com/product/the-familiar-by-leigh-bardugo-paperback-/IMZVC4CQZD3NP6BH4KPNS5EL,200,text/html; charset=utf-8,
https://www.dungeonbooks.com/product/the-family-order/32,200,text/html; charset=utf-8,
https://www.dungeonbooks.com/product/the-fellow-that-goes-alone-an-essay-on-walking-by-kenneth-grahame/TEWV36KJCZONSEDANAC33YY4,200,text/html; charset=utf-8,
https://www.dungeonbooks.com/product/the-fellowship-of-the-ring-the-lord-of-the-rings-part-one-by-j-r-r-tolkien/ZSQL65W4VXA57VMFTWFITZD7,200,text/html; charset=utf-8,
https://www.dungeonbooks.com/product/the-farthest-shore-earthsea-book-3-by-ursula-k-le-guin-paperback-/714,200,text/html; charset=utf-8,
https://www.dungeonbooks.com/product/the-farewitch-of-foxe-holler-by-ellen-pauley-goff-paperback-/FUUO4YYZVSSQSSMABVNGNCI7,200,text/html; charset=utf-8,
https://www.dungeonbooks.com/product/the-fellowship-of-the-ring-the-lord-of-the-rings-1-paperback-/EVCCRK6VG7D5KXFLSOK2LG3K,200,text/html; charset=utf-8,
https://www.dungeonbooks.com/product/the-feywild-job-by-c-l-polk-dungeons-dragons-hardcover-/2N6YAP3IZBLKCQTKIPCJWH5C,200,text/html; charset=utf-8,
https://www.dungeonbooks.com/product/the-final-death-of-namjoo-han-a-novel-by-elaine-u-cho-paperback-/LTK2GAFUWSY4YMG2HTJJ2DEB,200,text/html; charset=utf-8,
https://www.dungeonbooks.com/product/the-fifth-season-by-n-k-jemisin-paperback-/586,200,text/html; charset=utf-8,
https://www.dungeonbooks.com/product/the-filth/1049,200,text/html; charset=utf-8,
https://www.dungeonbooks.com/product/the-final-empire-mistborn-trilogy-1-by-brandon-sanderson-paperback-/907,200,text/html; charset=utf-8,
https://www.dungeonbooks.com/product/the-first-step-by-tao-wong-hardcover-/E2UMAZCC7VH6C4JCY3ARMEJO,200,text/html; charset=utf-8,
https://www.dungeonbooks.com/product/the-final-empire-mistborn-trilogy-1-hardcover-by-brandon-sanderson/943,200,text/html; charset=utf-8,
https://www.dungeonbooks.com/product/the-first-two-lives-of-lukas-kasha-by-lloyd-alexander-vintage-/1006,200,text/html; charset=utf-8,
https://www.dungeonbooks.com/product/the-forgotten-beasts-of-eld-by-patricia-a-mckillip-vintage-/PPRJYH7N2LNPJ57WKEEPIJQ5,200,text/html; charset=utf-8,
https://www.dungeonbooks.com/product/the-forest-on-the-edge-of-time-by-jasmin-kirkbride-hardcover-/HFNXDEIK4KKHR7NT4BUN2QML,200,text/html; charset=utf-8,
https://www.dungeonbooks.com/product/the-flight-of-the-horse-by-larry-niven-vintage-paperback-/140,200,text/html; charset=utf-8,
https://www.dungeonbooks.com/product/the-found-object-society-by-michelle-maryk-paperback-signed/YLLRXF4G2QDWOWEXGXIT2L26,200,text/html; charset=utf-8,
https://www.dungeonbooks.com/product/the-fox-and-the-devil-by-kiersten-white-hardcover-/WBSXEHRF4EK2FICVZ2VO6A77,200,text/html; charset=utf-8,
https://www.dungeonbooks.com/product/the-frugal-wizard-s-handbook-for-surviving-medieval-england-paperback-/345,200,text/html; charset=utf-8,
https://www.dungeonbooks.com/product/the-game-master-s-guide-to-fantasy-mapmaking-by-cody-james-king-hardcover-/3GW6DLOGZCHJ36QQWOLQGJDH,200,text/html; charset=utf-8,
https://www.dungeonbooks.com/product/the-gardens-of-ynn/WNMMRATKMUSYSUD265R37HWG,200,text/html; charset=utf-8,
https://www.dungeonbooks.com/product/the-gate-of-the-feral-gods-by-matt-dinniman/706,200,text/html; charset=utf-8,
https://www.dungeonbooks.com/product/the-fury-of-the-gods-the-bloodsworn-trilogy-3-by-john-gwynne-paperback-/868,200,text/html; charset=utf-8,
https://www.dungeonbooks.com/product/the-gate-the-girl-and-the-dragon-deluxe-limited-edition-by-grace-lin-hardcover-/LX7JO7GHEEEVYDKOY5B2IBPX,200,text/html; charset=utf-8,
https://www.dungeonbooks.com/product/the-ghost-slayers-thrilling-tales-of-occult-detection/R66KL7KDGGWUKJAZWZQTKGVP,200,text/html; charset=utf-8,
https://www.dungeonbooks.com/product/the-geographer-s-map-to-romance-love-s-academic-by-india-holton-paperback-/Z6MEYDY55V6XAF2UURGKFKED,200,text/html; charset=utf-8,
https://www.dungeonbooks.com/product/the-ghost-stories-of-wilkie-collins/RAN6MPPDQWD6SQZIK33KT4XK,200,text/html; charset=utf-8,
https://www.dungeonbooks.com/product/the-ghost-stories-of-m-r-james/RSMZFF3P2WPMVMA7YLBX67RK,200,text/html; charset=utf-8,
https://www.dungeonbooks.com/product/the-girl-with-a-thousand-faces-by-sunyi-dean-hardcover-/SQIUF6DGPGQW53TOSHCV2HZE,200,text/html; charset=utf-8,
https://www.dungeonbooks.com/product/the-gilda-stories-penguin-speculative-fiction-special-/2X4BFTDVSNSGARTV7FXCSMB4,200,text/html; charset=utf-8,
https://www.dungeonbooks.com/product/the-gods-of-mars-by-edgar-rice-burroughs-vintage-/3SNXT6WKPIVZ27UDSYWDHOGK,200,text/html; charset=utf-8,
https://www.dungeonbooks.com/product/the-god-and-the-gumiho-fate-s-thread-1-by-sophie-kim-paperback-/Y5K4LB4FCVVN3LR2BGIVTLHK,200,text/html; charset=utf-8,
https://www.dungeonbooks.com/product/the-girl-in-the-tower-winternight-trilogy-2-by-katherine-arden-paperback-/MQH3HSNZ4UKKZJRT2LGXHUMN,200,text/html; charset=utf-8,
https://www.dungeonbooks.com/product/the-golden-compass-his-dark-materials-book-1-by-philip-pullman/THIDCQIFMSJAYP5I2STJLGAM,200,text/html; charset=utf-8,
https://www.dungeonbooks.com/product/the-golden-gryphon-feather-by-richard-purtill-vintage-/218,200,text/html; charset=utf-8,
https://www.dungeonbooks.com/product/the-grace-of-kings-by-ken-liu-paperback-/716,200,text/html; charset=utf-8,
https://www.dungeonbooks.com/product/the-grimoire-grammar-school-parent-teacher-association-by-caitlin-rozakis-paperback-signed/FXDD7BFA5MR6MUUAIMNGSNQ6,200,text/html; charset=utf-8,
https://www.dungeonbooks.com/product/the-great-book-of-legendary-witches-and-wizards-by-tea-orsi/419,200,text/html; charset=utf-8,
https://www.dungeonbooks.com/product/the-grammar-of-fantasy-by-gianni-rodari-hardcover-/VKOCQJF264EJUG2P6N6T4SPD,200,text/html; charset=utf-8,
https://www.dungeonbooks.com/product/the-guardians-1-the-killing-bone-by-peter-saxon-vintage-/231,200,text/html; charset=utf-8,
https://www.dungeonbooks.com/product/the-gripping-hand-by-niven-pournelle-vintage-/213,200,text/html; charset=utf-8,
https://www.dungeonbooks.com/product/the-guardians-of-dreamdark-windwitch-book-one-by-laini-taylor/4RVHN5QDXV6QTFZZP4YIVCO4,200,text/html; charset=utf-8,
https://www.dungeonbooks.com/product/the-guardians-of-dreamdark-windwitch-book-one-by-laini-taylor-hardcover-/XW3UOW6UI744F7VKGFIZQGIZ,200,text/html; charset=utf-8,
https://www.dungeonbooks.com/product/the-hacienda-by-isabel-ca-as-paperback-/3MNWF6GNIPK35LIMEADZJTCF,200,text/html; charset=utf-8,
https://www.dungeonbooks.com/product/the-hand-of-oberon-by-roger-zelazny-vintage-/164,200,text/html; charset=utf-8,
https://www.dungeonbooks.com/product/the-haunting-of-hill-house/72,200,text/html; charset=utf-8,
https://www.dungeonbooks.com/product/the-haunted-trail-classic-tales-of-the-rambling-weird-tales-of-the-weird-/IEBZEPDXXQFUD3JQV4K365QE,200,text/html; charset=utf-8,
https://www.dungeonbooks.com/product/the-hellebore-guide-to-occult-britain/PHEAXNJ5MLUBHR2NTVUIR25E,200,text/html; charset=utf-8,
https://www.dungeonbooks.com/product/the-haunting-of-paynes-hollow-by-kelley-armstrong-hardcover-/WGCTEDY5AITIUQ23HX2BQGPG,200,text/html; charset=utf-8,
https://www.dungeonbooks.com/product/the-haunting-of-tram-car-015-by-p-djeli-clark-paperback-/WF2CIVX7VTRWS4Q4BBSTXH4H,200,text/html; charset=utf-8,
https://www.dungeonbooks.com/product/the-handmaid-s-tale-by-margaret-atwood-paperback-/441,200,text/html; charset=utf-8,
https://www.dungeonbooks.com/product/the-hero-of-ages-mistborn-trilogy-3-hardcover-by-brandon-sanderson/942,200,text/html; charset=utf-8,
https://www.dungeonbooks.com/product/the-hero-of-ages-mistborn-3-by-brandon-sanderson/909,200,text/html; charset=utf-8,
https://www.dungeonbooks.com/product/the-hidden-girl-other-stories-by-ken-liu/721,200,text/html; charset=utf-8,
https://www.dungeonbooks.com/product/the-hitchhiker-s-guide-to-the-galaxy-by-douglas-adams/437,200,text/html; charset=utf-8,
https://www.dungeonbooks.com/product/the-hobbit-by-j-r-r-tolkien-75th-anniversary-pocket-edition-/602,200,text/html; charset=utf-8,
https://www.dungeonbooks.com/product/the-hong-kong-widow-by-kristen-loesch-hardcover-/APX5ZYONKOQQM2UPQT3YR7SH,200,text/html; charset=utf-8,
https://www.dungeonbooks.com/product/the-hollow-lands-by-michael-moorcock-paperback-/196,200,text/html; charset=utf-8,
https://www.dungeonbooks.com/product/the-horned-god-weird-tales-of-the-great-god-pan/FWW53D6VKRCEOUK33W3BPXAH,200,text/html; charset=utf-8,
https://www.dungeonbooks.com/product/the-horus-heresy/546,200,text/html; charset=utf-8,
https://www.dungeonbooks.com/product/the-house-in-the-cerulean-sea-cerulean-chronicles-1-by-tj-klune/939,200,text/html; charset=utf-8,
https://www.dungeonbooks.com/product/the-house-in-the-cerulean-sea-by-t-j-klune-sprayed-edge-/Z6A7PFJSAY5DMARGYGYAWOJR,200,text/html; charset=utf-8,
https://www.dungeonbooks.com/product/the-hunger-games-the-ballad-of-songbirds-snakes-deluxe-edition-by-suzanne-collins-paperback-/NAPWPGSE3NIDAQ6WEFQTWGD6,200,text/html; charset=utf-8,
https://www.dungeonbooks.com/product/the-house-of-gardenias-by-isabel-ca-as-hardcover-/JVZVO2BF6UMN2XU3AXWR7UGI,200,text/html; charset=utf-8,
https://www.dungeonbooks.com/product/the-house-in-the-cerulean-sea-by-tj-klune/615,200,text/html; charset=utf-8,
https://www.dungeonbooks.com/product/the-hurricane-wars-by-thea-guanzon/592,200,text/html; charset=utf-8,
https://www.dungeonbooks.com/product/the-hurricane-wars-deluxe-collector-s-edition-by-thea-guanzon-hardcover-/U5IRWYBGDHKNWRBHRREL5KWX,200,text/html; charset=utf-8,
https://www.dungeonbooks.com/product/the-hunger-of-the-gods-the-bloodsworn-trilogy-2-by-john-gwynne-paperback-/869,200,text/html; charset=utf-8,
https://www.dungeonbooks.com/product/the-inn-at-the-foot-of-mount-vengeance-by-chiara-bullen-hardcover-/FSL7JUHH6P7FPIDWC6CFNQG5,200,text/html; charset=utf-8,
https://www.dungeonbooks.com/product/the-invincible-by-stanislaw-lem-paperback-/732,200,text/html; charset=utf-8,
https://www.dungeonbooks.com/product/the-hobbit-the-enchanting-prelude-to-the-lord-of-the-rings-by-j-r-r-tolkien/IQYM6PZHXXPSKI2OR6O5GJ4T,200,text/html; charset=utf-8,
https://www.dungeonbooks.com/product/the-incandescent-by-emily-tesh-hardcover-/955,200,text/html; charset=utf-8,
https://www.dungeonbooks.com/product/the-iron-ring-by-lloyd-alexander-vintage-/1005,200,text/html; charset=utf-8,
https://www.dungeonbooks.com/product/the-invisible-life-of-addie-larue-by-v-e-schwab-paperback-/743,200,text/html; charset=utf-8,
https://www.dungeonbooks.com/product/the-irresistible-urge-to-fall-for-your-enemy-book-1-of-the-dearly-beloathed-duology-by-brigitte-knightley/DIJL7AX7J74I5Y32BIAZBUYP,200,text/html; charset=utf-8,
https://www.dungeonbooks.com/product/the-irresistible-urge-to-fall-for-your-enemy-book-1-of-the-dearly-beloathed-duology-by-brigitte-knightley-paperback-preorder/I67AGNU5RCEB3OVLZKZPA6PY,200,text/html; charset=utf-8,
https://www.dungeonbooks.com/product/the-isle-in-the-silver-sea-by-tasha-suri-paperback-/OACV4QXCNAXKWPZ4LNVW5R4M,200,text/html; charset=utf-8,
https://www.dungeonbooks.com/product/the-jasad-heir-the-scorched-throne-1-by-sara-hashem-paperback-/UIFWGSGIAEIIT46SA77FDG7F,200,text/html; charset=utf-8,
https://www.dungeonbooks.com/product/the-isle-of-the-plangent-mage/310,200,text/html; charset=utf-8,
https://www.dungeonbooks.com/product/the-island-of-dr-moreau-a-novel-by-h-g-wells/2LGOZU5EDAFZT56HR5XBEOLZ,200,text/html; charset=utf-8,
https://www.dungeonbooks.com/product/the-king-in-yellow-deluxe-edition-by-robert-w-chambers/6NYOIC5KCSZNPQYE6ON25BM3,200,text/html; charset=utf-8,
https://www.dungeonbooks.com/product/the-king-in-yellow-by-robert-w-chambers/75,200,text/html; charset=utf-8,
https://www.dungeonbooks.com/product/the-keeper-of-magical-things-by-julie-leong-paperback-/QPY6QHMB3XEAHALMK5VMVILY,200,text/html; charset=utf-8,
https://www.dungeonbooks.com/product/the-king-must-die-by-kemi-ashing-giwa-paperback-/L4PT2IWY7YRI35RTIBKIZ4N2,200,text/html; charset=utf-8,
https://www.dungeonbooks.com/product/the-knave-and-the-moon-the-stonewater-kingdom-2-by-rachel-gillig/EAHGQDS4RDBXKXRFQUYHKARF,200,text/html; charset=utf-8,
https://www.dungeonbooks.com/product/the-knight-and-knave-of-swords-fafhrd-and-the-gray-mouser-7-by-fritz-leiber/705,200,text/html; charset=utf-8,
https://www.dungeonbooks.com/product/the-kitchen/1066,200,text/html; charset=utf-8,
https://www.dungeonbooks.com/product/the-knight-and-the-moth-the-stonewater-kingdom-by-rachel-gillig-hardcover-/958,200,text/html; charset=utf-8,
https://www.dungeonbooks.com/product/the-kraken-wakes-by-john-wyndham-paperback-/WOTN565CUYRWYRUYKNGNMBQG,200,text/html; charset=utf-8,
https://www.dungeonbooks.com/product/the-lark-ascending-by-george-meredith/885,200,text/html; charset=utf-8,
https://www.dungeonbooks.com/product/the-last-bloodcarver-the-last-bloodcarver-duology-by-vanessa-le/3WRT7GJTLTH34NUYUVFBUWVM,200,text/html; charset=utf-8,
https://www.dungeonbooks.com/product/the-lady-of-the-lake-witcher-saga-6-by-andrzej-sapkowski/872,200,text/html; charset=utf-8,
https://www.dungeonbooks.com/product/the-last-contract-of-isako-by-fonda-lee-paperback-/GB5UWQBUBNLLCSREFBVH3636,200,text/html; charset=utf-8,
https://www.dungeonbooks.com/product/the-last-dangerous-visions-by-harlan-ellison-paperback-/1011,200,text/html; charset=utf-8,
https://www.dungeonbooks.com/product/the-last-olympian-percy-jackson-the-olympians-5-by-rick-riordan/936,200,text/html; charset=utf-8,
https://www.dungeonbooks.com/product/the-last-phi-hunter-by-salinee-goldenberg-paperback-/443,200,text/html; charset=utf-8,
https://www.dungeonbooks.com/product/the-last-unicorn-by-peter-s-beagle-paperback-/PJOTFJIQBBRLTWCVDHJRTJPZ,200,text/html; charset=utf-8,
https://www.dungeonbooks.com/product/the-last-witch-by-c-j-cooke-hardcover-/VGEH3FSNRFOQ4WD2OXPYUVA6,200,text/html; charset=utf-8,
https://www.dungeonbooks.com/product/the-last-wish-introducing-the-witcher-by-andrzej-sapkowski-paperback-/873,200,text/html; charset=utf-8,
https://www.dungeonbooks.com/product/the-left-hand-of-darkness-penguin-galaxy-by-ursula-k-le-guin/SU65PHCGEEDTQ36RE6Z3E6IP,200,text/html; charset=utf-8,
https://www.dungeonbooks.com/product/the-left-hand-of-darkness-by-ursula-k-le-guin/446,200,text/html; charset=utf-8,
https://www.dungeonbooks.com/product/the-lathe-of-heaven-by-ursula-k-le-guin/504,200,text/html; charset=utf-8,
https://www.dungeonbooks.com/product/the-left-hand-of-darkness-50th-anniversary-edition-ace-science-fiction-by-ursula-k-le-guin/731,200,text/html; charset=utf-8,
https://www.dungeonbooks.com/product/the-legacy-of-heorot-by-niven-pournelle-barnes-vintage-/204,200,text/html; charset=utf-8,
https://www.dungeonbooks.com/product/the-library-at-hellebore-by-cassandra-khaw-hardcover-/LY45N4D2XWMRPVA2ZWGFB4VN,200,text/html; charset=utf-8,
https://www.dungeonbooks.com/product/the-lies-of-the-ajungo-forever-desert-by-moses-ose-utomi-hardcover-/EYOXOQMCFAPOND2FCBARLUXD,200,text/html; charset=utf-8,
https://www.dungeonbooks.com/product/the-library-at-hellebore-by-cassandra-khaw-paperback-/FEKOYB55QALIIY5K4N7255XR,200,text/html; charset=utf-8,
https://www.dungeonbooks.com/product/the-life-impossible-by-matt-haig-hardcover-/560,200,text/html; charset=utf-8,
https://www.dungeonbooks.com/product/the-lightning-thief-percy-jackson-the-olympians-1-by-rick-riordan/933,200,text/html; charset=utf-8,
https://www.dungeonbooks.com/product/the-liminal-zone-by-junji-ito/510,200,text/html; charset=utf-8,
https://www.dungeonbooks.com/product/the-little-game-master-by-randall-hampton/751,200,text/html; charset=utf-8,
https://www.dungeonbooks.com/product/the-long-arm-of-gil-hamilton-vintage-/137,200,text/html; charset=utf-8,
https://www.dungeonbooks.com/product/the-long-way-to-a-small-angry-planet-by-becky-chambers-paperback-/594,200,text/html; charset=utf-8,
https://www.dungeonbooks.com/product/the-lord-of-the-rings-the-two-towers-by-j-r-r-tolkien-paperback-/605,200,text/html; charset=utf-8,
https://www.dungeonbooks.com/product/the-lord-of-the-rings-the-return-of-the-king-by-j-r-r-tolkien-paperback-/607,200,text/html; charset=utf-8,
https://www.dungeonbooks.com/product/the-lost-future-of-pepperharrow-by-natasha-pulley-paperback-/75RF5YCXVUBYGGMBB6GPJH5Q,200,text/html; charset=utf-8,
https://www.dungeonbooks.com/product/the-lost-guardian-by-natalia-hernandez-hardcover-/U7DBP7GGNWJV7X5SIWYF73SD,200,text/html; charset=utf-8,
https://www.dungeonbooks.com/product/the-lost-book-of-lancelot-by-john-glynn-hardcover-/7QQSJGHVZBVIDZLUQ6PXHJOE,200,text/html; charset=utf-8,
https://www.dungeonbooks.com/product/the-lost-reliquary-divine-thrall-by-lyndsay-ely-paperback-/X75POMOVVU3DXESWIZRY62ZA,200,text/html; charset=utf-8,
https://www.dungeonbooks.com/product/the-magic-the-gathering-oracle-deck-a-52-card-deck-and-guidebook-oracle-cards-by-official-magic-the-gathering-licensed/XCETMIBJ3TJJ7QDVC25QY5BY,200,text/html; charset=utf-8,
https://www.dungeonbooks.com/product/the-lure-of-wolves-and-whispers-the-martyred-isle-by-amanda-connolly/HMNBBGG36U5UJP5XPTO6PO2Z,200,text/html; charset=utf-8,
https://www.dungeonbooks.com/product/the-love-of-my-afterlife-by-kirsty-greenwood-paperback-/BMP77K6X3HI4OKQEPZFZZHUL,200,text/html; charset=utf-8,
https://www.dungeonbooks.com/product/the-magic-of-the-unicorn-choose-your-own-adventure-by-deborah-lerme-goodman/FU4AQZ2HC3QPMCYVSYN6J6H2,200,text/html; charset=utf-8,
https://www.dungeonbooks.com/product/the-magic-order-volume-1-tpb/CO3DFR737HCZLMK4EMNNWRBO,200,text/html; charset=utf-8,
https://www.dungeonbooks.com/product/the-magic-fish-by-trung-le-nguyen/448,200,text/html; charset=utf-8,
https://www.dungeonbooks.com/product/the-maiden-and-her-monster-by-maddie-martinez-hardcover-signed-personalized-/F3U4GLI5GF7MCY2U3GYNC3KS,200,text/html; charset=utf-8,
https://www.dungeonbooks.com/product/the-malevolent-eight-by-sebastien-de-castell-hardcover-/JGQDDR73A7IEOWJZWIQ72G3Z,200,text/html; charset=utf-8,
https://www.dungeonbooks.com/product/the-magician-of-tiger-castle-by-louis-sachar-hardcover-/5PKVZYOKDN56WE4KZNGAQTYE,200,text/html; charset=utf-8,
https://www.dungeonbooks.com/product/the-malevolent-seven-by-sebastien-de-castell/R2VWFAMYPPI4BE5I53ICA5FP,200,text/html; charset=utf-8,
https://www.dungeonbooks.com/product/the-maiden-and-her-monster-by-maddie-martinez-paperback-signed-personalized-/N4KH6ND5NFPG3LI5BYPNXCMU,200,text/html; charset=utf-8,
https://www.dungeonbooks.com/product/the-magicians-by-lev-grossman-paperback-/557,200,text/html; charset=utf-8,
https://www.dungeonbooks.com/product/the-man-in-the-high-castle-by-philip-k-dick-paperback-/988,200,text/html; charset=utf-8,
https://www.dungeonbooks.com/product/the-manga-guide-to/6P6E42IMQQZZJPDMPJ27SA7H,200,text/html; charset=utf-8,
https://www.dungeonbooks.com/product/the-martian-by-andy-weir-paperback-/523,200,text/html; charset=utf-8,
https://www.dungeonbooks.com/product/the-master-mind-of-mars-by-edgar-rice-burroughs-vintage-/199,200,text/html; charset=utf-8,
https://www.dungeonbooks.com/product/the-mask-of-haliya-heir-to-the-warrior-moon/965,200,text/html; charset=utf-8,
https://www.dungeonbooks.com/product/the-memory-bookshop-by-song-yu-jeong-paperback-/DVM4CZXFU5G4YJEC5XJYUQSN,200,text/html; charset=utf-8,
https://www.dungeonbooks.com/product/the-mercy-of-gods-the-captive-s-war-by-james-sa-corey-paperback-/K2FQPAOW4FENEVHKKEWIR5WP,200,text/html; charset=utf-8,
https://www.dungeonbooks.com/product/the-mermaid-the-witch-and-the-sea-by-maggie-tokuda-hall/EGWTSH556J4CBPBSTLIJU55Y,200,text/html; charset=utf-8,
https://www.dungeonbooks.com/product/the-midnight-library-by-matt-haig/552,200,text/html; charset=utf-8,
https://www.dungeonbooks.com/product/the-mermaid-atlas-merfolk-of-the-world-by-anna-claybourne-miren-asiain-lora-hardcover-/TXTXDSJKIJWZKW5HIVKAFJP7,200,text/html; charset=utf-8,
https://www.dungeonbooks.com/product/the-midnight-train-by-matt-haig-hardcover-/WYLFMYQ2LAC2EMEXVTNRUBYZ,200,text/html; charset=utf-8,
https://www.dungeonbooks.com/product/the-mind-thing/224,200,text/html; charset=utf-8,
https://www.dungeonbooks.com/product/the-ministry-of-time-by-kaliane-bradley-paperback-/726,200,text/html; charset=utf-8,
https://www.dungeonbooks.com/product/the-mona-lisa-is-missing-choose-your-own-adventure-by-ramsey-montgomery-paperback-/JKQ67CLYKHP77XROJ5BREOQK,200,text/html; charset=utf-8,
https://www.dungeonbooks.com/product/the-missing-magic-of-sparrow-xia-an-illustrated-novel-/D5MLP5HQS5NISZTYEYPEV6JR,200,text/html; charset=utf-8,
https://www.dungeonbooks.com/product/the-moon-is-a-harsh-mistress-by-robert-a-heinlein-paperback-/3QUMYI5RVIOQYURVDVALDOAL,200,text/html; charset=utf-8,
https://www.dungeonbooks.com/product/the-monster-overhaul/81,200,text/html; charset=utf-8,
https://www.dungeonbooks.com/product/the-minority-report-and-other-classic-stories-by-philip-k-dick/521,200,text/html; charset=utf-8,
https://www.dungeonbooks.com/product/the-most-boring-book-ever-by-brandon-sanderson-board-book-/VFFK2TYGMLYHHR3HC4INMCB3,200,text/html; charset=utf-8,
https://www.dungeonbooks.com/product/the-moonsingers-by-robyn-j-pritzker-paperback-/W3ZII5ZZ2Y54YOLQS7WYM3HU,200,text/html; charset=utf-8,
https://www.dungeonbooks.com/product/the-ms-marvel-years-captain-marvel-carol-danvers/GSMUKNIH5RYBN523FHVYB7O7,200,text/html; charset=utf-8,
https://www.dungeonbooks.com/product/the-ms-marvel-years-volume-2-captain-marvel-carol-danvers/XB5VJFXRGPBIHDTCMOWYVJ6D,200,text/html; charset=utf-8,
https://www.dungeonbooks.com/product/the-mune-goldsmiths-press-gold-sf-by-sue-dawes-paperback-/EB63WPD7KNST5MGPFEMAZUPA,200,text/html; charset=utf-8,
https://www.dungeonbooks.com/product/the-ms-marvel-years-volume-3-captain-marvel-carol-danvers/VMUANQHZ7YFRWBGJF44S4LV4,200,text/html; charset=utf-8,
https://www.dungeonbooks.com/product/the-mystery-of-chimney-rock-choose-your-own-adventure-retro-editions-by-edward-packard-paperback-/KQ3OBJRNUCINHQCG5EPV3KHX,200,text/html; charset=utf-8,
https://www.dungeonbooks.com/product/the-murderbot-diaries-all-systems-red-by-martha-wells/619,200,text/html; charset=utf-8,
https://www.dungeonbooks.com/product/the-murderbot-diaries-vol-1-all-systems-red-artificial-condition-by-martha-wells-paperback-/6QFUPVJE6X2G37BOHRM4ZHN5,200,text/html; charset=utf-8,
https://www.dungeonbooks.com/product/the-name-of-the-wind-by-patrick-rothfuss/567,200,text/html; charset=utf-8,
https://www.dungeonbooks.com/product/the-nearly-perfect-necromancy-of-lady-mondegreen-a-practical-guide-to-malaprop-magic/4THOZEQ5IUNZGKZDRPZNZ6HN,200,text/html; charset=utf-8,
https://www.dungeonbooks.com/product/the-naming-song-by-jedediah-berry-hardcover-signed/905,200,text/html; charset=utf-8,
https://www.dungeonbooks.com/product/the-night-eaters-she-eats-the-night-the-night-eaters-book-1-/THV66VT3J2OXAQ6RFFSJHJWW,200,text/html; charset=utf-8,
https://www.dungeonbooks.com/product/the-night-ends-with-fire-by-k-x-song-hardcover-/3S3R6SGWFBOWDZDQEQNTLH35,200,text/html; charset=utf-8,
https://www.dungeonbooks.com/product/the-night-wire-and-other-tales-of-weird-media/ZLOXXHKGARHUID4AG5CL6XE5,200,text/html; charset=utf-8,
https://www.dungeonbooks.com/product/the-once-and-future-king-by-t-h-white-mass-market-paperback-/486,200,text/html; charset=utf-8,
https://www.dungeonbooks.com/product/the-night-that-finds-us-all-by-john-hornor-jacobs/NPKYX2443P3XHABGLX2WKNJ3,200,text/html; charset=utf-8,
https://www.dungeonbooks.com/product/the-official-cookbook-of-critical-role-hardcover-/GRZHUU4S2GQQGO5X2III6GVO,200,text/html; charset=utf-8,
https://www.dungeonbooks.com/product/the-once-and-future-king-by-t-h-white-paperback-/A4OPG22T6E66ETT4NYE7TQOT,200,text/html; charset=utf-8,
https://www.dungeonbooks.com/product/the-obelisk-gate-the-broken-earth-2-by-n-k-jemisin/862,200,text/html; charset=utf-8,
https://www.dungeonbooks.com/product/the-once-and-future-witches-by-alix-e-harrow/ZFT6WSFMQFQSDKAU2ZRCO6PH,200,text/html; charset=utf-8,
https://www.dungeonbooks.com/product/the-ornithologist-s-field-guide-to-love-by-india-holton/ER6FDQ2ZGH2DBLAVM457ZMGK,200,text/html; charset=utf-8,
https://www.dungeonbooks.com/product/the-once-and-future-queen-deluxe-limited-edition-by-paula-lafferty/YK6O37BP5ZSBN2CVO6XZFRTA,200,text/html; charset=utf-8,
https://www.dungeonbooks.com/product/the-paper-menagerie-by-ken-liu/708,200,text/html; charset=utf-8,
https://www.dungeonbooks.com/product/the-neverending-story-by-michael-ende-mass-market-paperback-/YFDEPMLZKR25ESZXXX2RIWQT,200,text/html; charset=utf-8,
https://www.dungeonbooks.com/product/the-other-merlin-emry-merlin-/SSLPS4KD2XM6YEZ77ZEYJTZ6,200,text/html; charset=utf-8,
https://www.dungeonbooks.com/product/the-peripheral-the-jackpot-trilogy-by-william-gibson/TXYVHUR7MPSCSWMZ3Z52SSX4,200,text/html; charset=utf-8,
https://www.dungeonbooks.com/product/the-phantom-of-the-opera-by-gaston-leroux/426,200,text/html; charset=utf-8,
https://www.dungeonbooks.com/product/the-place-of-the-song-dream/884,200,text/html; charset=utf-8,
https://www.dungeonbooks.com/product/the-pleasure/889,200,text/html; charset=utf-8,
https://www.dungeonbooks.com/product/the-path-of-most-resistance-goldsmiths-press-gold-sf-by-jessy-randall-paperback-/SXVRC5ETR4BXI3EBDXW4OQ5N,200,text/html; charset=utf-8,
https://www.dungeonbooks.com/product/the-poet-empress-by-shen-tao-deluxe-edition-/DGDHKCSBKDW7DPVVJPUPZIX4,200,text/html; charset=utf-8,
https://www.dungeonbooks.com/product/the-possession-of-alba-d-az-by-isabel-ca-as-hardcover-/Z7OXH6SQO5ENBG7FMS3LZXL2,200,text/html; charset=utf-8,
https://www.dungeonbooks.com/product/the-poisoned-king-impossible-creatures-by-katherine-rundell-hardcover-/BSGBN6F6ZGI6N5NZUWI734WQ,200,text/html; charset=utf-8,
https://www.dungeonbooks.com/product/the-poppy-war-by-r-f-kuang/593,200,text/html; charset=utf-8,
https://www.dungeonbooks.com/product/the-poison-daughter-by-sheila-masterson-hardcover-/NBAVR4SHXULOA54NEICWGYB4,200,text/html; charset=utf-8,
https://www.dungeonbooks.com/product/the-practice-the-horizon-and-the-chain-by-sofia-samatar-paperback-/918,200,text/html; charset=utf-8,
https://www.dungeonbooks.com/product/the-prince-without-sorrow-obsidian-throne-by-maithree-wijesekara-paperback-/AINKKAI3YSAZXIXCG2OIRG3N,200,text/html; charset=utf-8,
https://www.dungeonbooks.com/product/the-queen-of-nothing-the-folk-of-the-air-3-by-holly-black/JSD57YY4OVRFJJ5LVQ6NKGXE,200,text/html; charset=utf-8,
https://www.dungeonbooks.com/product/the-princess-knight-by-cait-jacobs-paperback-/LCRZNR2VB7NBPWZ4JIH3OS5K,200,text/html; charset=utf-8,
https://www.dungeonbooks.com/product/the-princess-and-the-goblin-puffin-classics-by-george-macdonald/TVYNPR2MDDNMPSDABPZ56BC7,200,text/html; charset=utf-8,
https://www.dungeonbooks.com/product/the-priory-of-the-orange-tree-by-samantha-shannon-paperback-/656,200,text/html; charset=utf-8,
https://www.dungeonbooks.com/product/the-rainshadow-orphans-by-naomi-ishiguro-hardcover-/KQQIPNRVVR77GITIM35IVE6T,200,text/html; charset=utf-8,
https://www.dungeonbooks.com/product/the-quest-for-the-holy-grail/157,200,text/html; charset=utf-8,
https://www.dungeonbooks.com/product/the-raven/62,200,text/html; charset=utf-8,
https://www.dungeonbooks.com/product/the-red-winter-by-cameron-sullivan/EHWNP43HSCGWBOWDXSZZLRCO,200,text/html; charset=utf-8,
https://www.dungeonbooks.com/product/the-redemption-of-time-three-body-problem-4-by-baoshu-paperback-/1021,200,text/html; charset=utf-8,
https://www.dungeonbooks.com/product/the-resurrectionist-deluxe-stenciled-edges-by-a-rae-dunlap/TXJAUVUVBEFXODJVAE3262A2,200,text/html; charset=utf-8,
https://www.dungeonbooks.com/product/the-reformatory-by-tananarive-due-paperback-/MWY4HE6YVKQ5JXF75O2ITUPN,200,text/html; charset=utf-8,
https://www.dungeonbooks.com/product/the-retro-box-choose-your-own-adventure-retro-editions-by-packard-r-a-montgomery-d-terman/VV3CS3DJGX5JIUF6DCZJ5YHZ,200,text/html; charset=utf-8,
https://www.dungeonbooks.com/product/the-return-of-the-king-the-lord-of-the-rings-part-three-by-j-r-r-tolkien/BRX7WE5HHYMOIC6ZC2QTH2R4,200,text/html; charset=utf-8,
https://www.dungeonbooks.com/product/the-riddle-and-the-knight-in-search-of-sir-john-mandeville-the-world-s-greatest-traveller/YMJAI5IHBMPPQKTKTU2HEPZL,200,text/html; charset=utf-8,
https://www.dungeonbooks.com/product/the-ring-of-truth-the-casting-use-of-the-magic-circle-by-clint-marsh-alice-cao/36QCKF5MOPL7FZMWWZV626L3,200,text/html; charset=utf-8,
https://www.dungeonbooks.com/product/the-ringworld-engineers-by-larry-niven-vintage-/247,200,text/html; charset=utf-8,
https://www.dungeonbooks.com/product/the-rise-of-endymion-hyperion-cantos-by-dan-simmons-paperback-/PXRXOFVRKJO5OU6HFTUQZFOZ,200,text/html; charset=utf-8,
https://www.dungeonbooks.com/product/the-river-has-roots-by-amal-el-mohtar-hardcover-/924,200,text/html; charset=utf-8,
https://www.dungeonbooks.com/product/the-river-she-became-by-emily-varga-hardcover-/67D6NNECJQQEHAQ7JEGAFN5P,200,text/html; charset=utf-8,
https://www.dungeonbooks.com/product/the-runestaff-by-michael-moorcock-vintage-/194,200,text/html; charset=utf-8,
https://www.dungeonbooks.com/product/the-saga-of-vargeisa-the-fire-wolf/630,200,text/html; charset=utf-8,
https://www.dungeonbooks.com/product/the-sacred-the-divine-by-kate-christensen-and-melissa-henderson-hardcover-/F5S63WLLOOBWBWTJVXL3QUKB,200,text/html; charset=utf-8,
https://www.dungeonbooks.com/product/the-saint-of-bright-doors-by-vajra-chandrasekera-paperback-/U2BNIZARABEBYUT7P5TZ3BM4,200,text/html; charset=utf-8,
https://www.dungeonbooks.com/product/the-savage-sword-of-conan-vol-01/1084,200,text/html; charset=utf-8,
https://www.dungeonbooks.com/product/the-savage-sword-of-conan-vol-02/1086,200,text/html; charset=utf-8,
https://www.dungeonbooks.com/product/the-savage-sword-of-conan-vol-03/1085,200,text/html; charset=utf-8,
https://www.dungeonbooks.com/product/the-savage-sword-of-conan-vol-05/1088,200,text/html; charset=utf-8,
https://www.dungeonbooks.com/product/the-savage-sword-of-conan-vol-04/1087,200,text/html; charset=utf-8,
https://www.dungeonbooks.com/product/the-sea-of-monsters-percy-jackson-the-olympians-2-by-rick-riordan/932,200,text/html; charset=utf-8,
https://www.dungeonbooks.com/product/the-savage-sword-of-conan-vol-06/1089,200,text/html; charset=utf-8,
https://www.dungeonbooks.com/product/the-scarlet-ball-by-nghi-vo-hardcover-/ZFPEJR3TJKTEP5MXSDM5DLRF,200,text/html; charset=utf-8,
https://www.dungeonbooks.com/product/the-sea-hides-its-dead-by-megan-bontrager-paperback-/HENJUFCSTOZRVJIWMU46JNCR,200,text/html; charset=utf-8,
https://www.dungeonbooks.com/product/the-secret-of-kells-the-graphic-novel/881,200,text/html; charset=utf-8,
https://www.dungeonbooks.com/product/the-second-death-of-locke-by-v-l-bovalino-paperback-/ZXGDOIYZWSTWVDHQL3VEXS75,200,text/html; charset=utf-8,
https://www.dungeonbooks.com/product/the-secret-world-of-briar-rose-by-cindy-pham-hardcover-/AKHUD6VC7ON4OCTRR6VFPBN6,200,text/html; charset=utf-8,
https://www.dungeonbooks.com/product/the-sensational-she-hulk/XT5V3XK5HWKYQ4KOR76G44FO,200,text/html; charset=utf-8,
https://www.dungeonbooks.com/product/the-seven-year-slip-by-ashley-poston-paperback-/KLGMTP3W73Q4DNG4WY3OFKLW,200,text/html; charset=utf-8,
https://www.dungeonbooks.com/product/the-shadow-of-the-gods-the-bloodsworn-trilogy-1-by-john-gwynne/867,200,text/html; charset=utf-8,
https://www.dungeonbooks.com/product/the-shining-by-stephen-king/IA2AMW2726TEYPDQOMGFQ5C5,200,text/html; charset=utf-8,
https://www.dungeonbooks.com/product/the-shadow-over-innsmouth-and-other-stories-of-horror/275,200,text/html; charset=utf-8,
https://www.dungeonbooks.com/product/the-shape-of-water-by-guillermo-del-toro-daniel-kraus-paperback-/2KNI37RJUU5MFQ2YW3T42GXQ,200,text/html; charset=utf-8,
https://www.dungeonbooks.com/product/the-ship-of-death-by-kyle-winkler-paperback-/2JQUSVAHUQBVJ7ROUQ2O6QXW,200,text/html; charset=utf-8,
https://www.dungeonbooks.com/product/the-silmarillion-by-j-r-r-tolkien/606,200,text/html; charset=utf-8,
https://www.dungeonbooks.com/product/the-silence-a-suspense-solo-journaling-game/WL3ZNC342UTXQ3TFOB6U5ZRP,200,text/html; charset=utf-8,
https://www.dungeonbooks.com/product/the-sixth-faction-deluxe-edition-by-veronica-roth-hardcover-/P4ZC66VUUPBXQUMNHJC3W3P2,200,text/html; charset=utf-8,
https://www.dungeonbooks.com/product/the-slantwise-histories-collected-stories-by-alix-e-harrow-hardcover-/BW77GPJCGM7ZHP5Z5TURLJPD,200,text/html; charset=utf-8,
https://www.dungeonbooks.com/product/the-sleeping-sorceress/222,200,text/html; charset=utf-8,
https://www.dungeonbooks.com/product/the-someday-garden-by-ashley-poston-hardcover-/JCED3W4VMXEHZCW5NBCI7NOY,200,text/html; charset=utf-8,
https://www.dungeonbooks.com/product/the-smoke-ring-by-larry-niven-vintage-paperback-/205,200,text/html; charset=utf-8,
https://www.dungeonbooks.com/product/the-sixth-nik-by-daniel-krauss-hardcover-/KTS56MSF3DBEWXHK3B7YJFFI,200,text/html; charset=utf-8,
https://www.dungeonbooks.com/product/the-someday-garden-by-ashley-poston-paperback-/JGASC76NXBID6W5PBTNZAN7M,200,text/html; charset=utf-8,
https://www.dungeonbooks.com/product/the-son-of-tarzan-ballantine-tarzan-4-by-edgar-rice-burroughs/192,200,text/html; charset=utf-8,
https://www.dungeonbooks.com/product/the-song-of-achilles-deluxe-edition-by-madeline-miller-hardcover-/WVBM6MRIIZCGWCGHEF6IWHBG,200,text/html; charset=utf-8,
https://www.dungeonbooks.com/product/the-spellshop-by-sarah-beth-durst/926,200,text/html; charset=utf-8,
https://www.dungeonbooks.com/product/the-splinter-in-the-sky-by-kemi-ashing-giwa-paperback-/H2RPQIPZR54MIG4AU2F2RFX4,200,text/html; charset=utf-8,
https://www.dungeonbooks.com/product/the-staircase-in-the-woods-by-chuck-wendig-paperback-/BEYUFXRLI6KAW5VKFPCFBPHC,200,text/html; charset=utf-8,
https://www.dungeonbooks.com/product/the-spear-cuts-through-water-by-simon-jimenez-paperback-/903,200,text/html; charset=utf-8,
https://www.dungeonbooks.com/product/the-stand-by-stephen-king/PDTOPGE25XQFXSNKYBUSSIT3,200,text/html; charset=utf-8,
https://www.dungeonbooks.com/product/the-stardust-grail-by-yume-kitasei-paperback-/XU3IVL4Z2DXHCNZUWDZCBY6P,200,text/html; charset=utf-8,
https://www.dungeonbooks.com/product/the-star-wars/1064,200,text/html; charset=utf-8,
https://www.dungeonbooks.com/product/the-star-scroll/239,200,text/html; charset=utf-8,
https://www.dungeonbooks.com/product/the-stardust-thief/TQUOFGIB5DU2MQHOYB47TTBV,200,text/html; charset=utf-8,
https://www.dungeonbooks.com/product/the-stardust-thief-by-chelsea-abdullah/AB4UL3A557DYMX6QEXVEGVLV,200,text/html; charset=utf-8,
https://www.dungeonbooks.com/product/the-starving-saints-by-caitlin-starling/1014,200,text/html; charset=utf-8,
https://www.dungeonbooks.com/product/the-starving-saints-by-caitlin-starling-paperback-/P5AUOCAWN4BK2DBZC6FNDUGT,200,text/html; charset=utf-8,
https://www.dungeonbooks.com/product/the-story-of-king-arthur-and-his-knights-by-howard-pyle/421,200,text/html; charset=utf-8,
https://www.dungeonbooks.com/product/the-stone-flesh-gift/369,200,text/html; charset=utf-8,
https://www.dungeonbooks.com/product/the-strange-case-of-dr-jekyll-and-mr-hyde-by-robert-louis-stevenson/427,200,text/html; charset=utf-8,
https://www.dungeonbooks.com/product/the-stone-door-by-leonora-carrington/XSRJZXSCPMJIYUJI5UZZKXRB,200,text/html; charset=utf-8,
https://www.dungeonbooks.com/product/the-strength-of-the-few-the-hierarchy-by-james-islington-hardcover-/D4LTAPRCSZ2R4XXK3CLHGGBG,200,text/html; charset=utf-8,
https://www.dungeonbooks.com/product/the-stygian-library/GIYV2FLCIMTONQ7HC7BY7JQP,200,text/html; charset=utf-8,
https://www.dungeonbooks.com/product/the-subtle-art-of-folding-space-by-chu-john-hardcover-with-dust-jacket-/RCKWYFQPYQ7CGCGKQ5QIN5WJ,200,text/html; charset=utf-8,
https://www.dungeonbooks.com/product/the-summer-hikaru-died-series-paperback-/33WIDKJOQKTOXQNKPFCOUZX4,200,text/html; charset=utf-8,
https://www.dungeonbooks.com/product/the-summer-war-by-naomi-novik-hardcover-/6ASQ77OQ6JLZZRAELKLZ5CFT,200,text/html; charset=utf-8,
https://www.dungeonbooks.com/product/the-sweetest-of-lemons-by-daniel-nayeri-hardcover-/3VR2KXBFLM4DPMX3JEU5LLOW,200,text/html; charset=utf-8,
https://www.dungeonbooks.com/product/the-sweetest-fiend-played-by-the-piper-1-by-raven-kennedy-deluxe-limited-edition-/5P4H2AIWZI7YNLRYA5DV6NGQ,200,text/html; charset=utf-8,
https://www.dungeonbooks.com/product/the-sword-of-rhiannon-by-leigh-brackett/672,200,text/html; charset=utf-8,
https://www.dungeonbooks.com/product/the-swords-of-lankhmar-fafhrd-and-the-gray-mouser-5-by-fritz-leiber/703,200,text/html; charset=utf-8,
https://www.dungeonbooks.com/product/the-swords-trilogy/220,200,text/html; charset=utf-8,
https://www.dungeonbooks.com/product/the-tainted-cup-ana-and-din-mysteries-1-by-robert-jackson-bennett-paperback-/554,200,text/html; charset=utf-8,
https://www.dungeonbooks.com/product/the-tatami-time-machine-blues-by-tomihiko-morimi/612,200,text/html; charset=utf-8,
https://www.dungeonbooks.com/product/the-tatami-galaxy-by-tomihiko-morimo/609,200,text/html; charset=utf-8,
https://www.dungeonbooks.com/product/the-teller-of-small-fortunes-by-julie-leong/2FOPUZCTILW3SVAPZB7SKGE5,200,text/html; charset=utf-8,
https://www.dungeonbooks.com/product/the-ten-thousand-doors-of-january-by-alix-e-harrow/35KGIDSQAZZFGJEHVQYHBFZ4,200,text/html; charset=utf-8,
https://www.dungeonbooks.com/product/the-terraformers/NVFVNYPXQJGYI4YUUGXO4CAU,200,text/html; charset=utf-8,
https://www.dungeonbooks.com/product/the-thackery-t-lambshead-pocket-guide-to-eccentric-discredited-diseases-by-kage-baker-paperback-/GT5YMHBMSRYXWPB5NT5FGGWX,200,text/html; charset=utf-8,
https://www.dungeonbooks.com/product/the-testaments-a-novel-the-handmaid-s-tale-by-margaret-atwood/DTY5Y2EQGZC7MR6ULIMWWN6H,200,text/html; charset=utf-8,
https://www.dungeonbooks.com/product/the-throne-of-zeus-choose-your-own-adventure-lost-archives-by-deborah-lerme-goodman/ED4AW4YI5LTINTUVMAHBRM33,200,text/html; charset=utf-8,
https://www.dungeonbooks.com/product/the-time-machine-by-h-g-wells/478,200,text/html; charset=utf-8,
https://www.dungeonbooks.com/product/the-time-of-contempt-witcher-saga-2-andrzej-sapkowski/871,200,text/html; charset=utf-8,
https://www.dungeonbooks.com/product/the-time-machine-by-h-g-wells/522,200,text/html; charset=utf-8,
https://www.dungeonbooks.com/product/the-thing-on-the-doorstep-and-other-weird-stories-by-h-p-lovecraft/76,200,text/html; charset=utf-8,
https://www.dungeonbooks.com/product/the-time-traveler-s-guide-to-elizabethan-england-by-ian-mortimer/QWQIL46JLRYF3Q5MPVP7OMDC,200,text/html; charset=utf-8,
https://www.dungeonbooks.com/product/the-titan-s-curse-percy-jackson-the-olympians-3-by-rick-riordan-paperback-/934,200,text/html; charset=utf-8,
https://www.dungeonbooks.com/product/the-tombs-of-atuan-earthsea-book-2-by-ursula-k-le-guin/713,200,text/html; charset=utf-8,
https://www.dungeonbooks.com/product/the-tomb-and-other-tales/114,200,text/html; charset=utf-8,
https://www.dungeonbooks.com/product/the-tower-of-swallows-witcher-saga-4-by-andrzej-sapkowski/874,200,text/html; charset=utf-8,
https://www.dungeonbooks.com/product/the-tough-guide-to-fantasyland-by-diana-wynne-jones/201,200,text/html; charset=utf-8,
https://www.dungeonbooks.com/product/the-tower-of-zanid-by-l-sprague-decamp/243,200,text/html; charset=utf-8,
https://www.dungeonbooks.com/product/the-trouble-twisters-berkley-1966-by-poul-anderson/119,200,text/html; charset=utf-8,
https://www.dungeonbooks.com/product/the-three-body-problem-by-cixin-liu/49,200,text/html; charset=utf-8,
https://www.dungeonbooks.com/product/the-trumpet-of-terror-by-deborah-lerme-goodman-paperback-/VLMON3TZZXB4THTVOYFXWOLC,200,text/html; charset=utf-8,
https://www.dungeonbooks.com/product/the-tusks-of-extinction-by-ray-nayler/47,200,text/html; charset=utf-8,
https://www.dungeonbooks.com/product/the-truth-and-other-stories/TYHC2UPDQQK3B7YAJZNLQ5HS,200,text/html; charset=utf-8,
https://www.dungeonbooks.com/product/the-two-lies-of-faven-sythe-by-megan-e-o-keefe-paperback-/CKS2SPHAYMH3ZR343IRQKO3N,200,text/html; charset=utf-8,
https://www.dungeonbooks.com/product/the-ultimate-enemy-by-fred-saberhagen/240,200,text/html; charset=utf-8,
https://www.dungeonbooks.com/product/the-two-towers-the-lord-of-the-rings-part-two-by-j-r-r-tolkien/XBN3FSDDVZECIHO4KSNLAFTK,200,text/html; charset=utf-8,
https://www.dungeonbooks.com/product/the-undercutting-of-rosie-and-adam-by-megan-bannen-paperback-/XDYOSP62KVSSCZBSNZD3XKAN,200,text/html; charset=utf-8,
https://www.dungeonbooks.com/product/the-unbroken-magic-of-the-lost-1-by-c-l-clark/SCDKCT3CYAOKXUWEQJTNHDYD,200,text/html; charset=utf-8,
https://www.dungeonbooks.com/product/the-undermining-of-twyla-and-frank-byen-paperback-/KQ6YAQ37ZMKVJHZ6G2NKGPSW,200,text/html; charset=utf-8,
https://www.dungeonbooks.com/product/the-unicorn-hunters-by-katherine-arden-hardcover-/B2HXJ3HLJKR4TVDXABFZU75W,200,text/html; charset=utf-8,
https://www.dungeonbooks.com/product/the-ultimate-micro-rpg-book/720,200,text/html; charset=utf-8,
https://www.dungeonbooks.com/product/the-undertaking-of-hart-and-mercy-by-megan-bannen/HS2GO6U5PYTEZ5RIDS5FXDVQ,200,text/html; charset=utf-8,
https://www.dungeonbooks.com/product/the-vampyre-and-carmilla-penguin-speculative-fiction-special-/NYHUQDLLSQRE6YKMDHUCZCCR,200,text/html; charset=utf-8,
https://www.dungeonbooks.com/product/the-unknown-by-riley-sager-hardcover-/EJGTVTSIJUB4K43HWPUYBOPU,200,text/html; charset=utf-8,
https://www.dungeonbooks.com/product/the-vanished-birds-a-novel-by-simon-jimenez/916,200,text/html; charset=utf-8,
https://www.dungeonbooks.com/product/the-very-secret-society-of-irregular-witches-by-sangu-mandanna/C3EHJXHVF32FNF7X7XCDFVHS,200,text/html; charset=utf-8,
https://www.dungeonbooks.com/product/the-wall-of-storms-the-dandelion-dynasty-2-by-ken-liu/717,200,text/html; charset=utf-8,
https://www.dungeonbooks.com/product/the-vanilla-adventure-by-wind-lothamer/263,200,text/html; charset=utf-8,
https://www.dungeonbooks.com/product/the-war-of-the-worlds-by-h-g-wells/488,200,text/html; charset=utf-8,
https://www.dungeonbooks.com/product/the-way-of-kings-stormlight-archive-1-by-brandon-sanderson/638,200,text/html; charset=utf-8,
https://www.dungeonbooks.com/product/the-watkins-book-of-english-folktales/324,200,text/html; charset=utf-8,
https://www.dungeonbooks.com/product/the-ways-of-ghosts-and-other-dark-tales-by-ambrose-bierce/KCFW66WEF6J5IMLENAMQGAAL,200,text/html; charset=utf-8,
https://www.dungeonbooks.com/product/the-weird-rpg/SSR5NQOKNMKG7RNU75P7LNXX,200,text/html; charset=utf-8,
https://www.dungeonbooks.com/product/the-well-of-ascension-mistborn-trilogy-2-hardcover-/945,200,text/html; charset=utf-8,
https://www.dungeonbooks.com/product/the-wicked-king-the-folk-of-the-air-2-by-holly-black/HCIMM3YXB4WYA42PGNRK3PT6,200,text/html; charset=utf-8,
https://www.dungeonbooks.com/product/the-well-of-ascension-mistborn-2-by-brandon-sanderson/908,200,text/html; charset=utf-8,
https://www.dungeonbooks.com/product/the-wild-robot-the-wild-robot-1-by-peter-brown/857,200,text/html; charset=utf-8,
https://www.dungeonbooks.com/product/the-wild-robot-on-the-island-by-peter-brown-hardcover-/EGD2ENXA3LBWZ4NTUVLGCNOP,200,text/html; charset=utf-8,
https://www.dungeonbooks.com/product/the-wild-robot-escapes-the-wild-robot-2-by-peter-brown/858,200,text/html; charset=utf-8,
https://www.dungeonbooks.com/product/the-wild-robot-protects-the-wild-robot-3-by-peter-brown/951,200,text/html; charset=utf-8,
https://www.dungeonbooks.com/product/the-wild-sea/DK3ZHX7U452MNLZQMQU372DN,200,text/html; charset=utf-8,
https://www.dungeonbooks.com/product/the-wildsea-rpg-core-rulebook/455,200,text/html; charset=utf-8,
https://www.dungeonbooks.com/product/the-will-of-the-many-deluxe-edition-hardcover-the-hierarchy-by-jameslington/67DZRTF6JI6AROXD53DQYJMF,200,text/html; charset=utf-8,
https://www.dungeonbooks.com/product/the-wildsea-core-rules-collector-s-edition-/IFZ3NWBFQBIVV6TJJYJJJJDN,200,text/html; charset=utf-8,
https://www.dungeonbooks.com/product/the-will-of-the-many-by-james-islington/712,200,text/html; charset=utf-8,
https://www.dungeonbooks.com/product/the-wind-in-the-willows-by-kenneth-grahame-illustrated-by-david-petersen/YQNSV2KI7I7FT324CSDY565A,200,text/html; charset=utf-8,
https://www.dungeonbooks.com/product/the-windup-girl-by-paolo-bacigalupi/M5KMAWLXHL4VOTPT4EI7PXNM,200,text/html; charset=utf-8,
https://www.dungeonbooks.com/product/the-wind-up-bird-chronicles-by-haruki-murakami/520,200,text/html; charset=utf-8,
https://www.dungeonbooks.com/product/the-wind-in-the-willows-by-kenneth-grame/417,200,text/html; charset=utf-8,
https://www.dungeonbooks.com/product/the-wind-s-twelve-quarters-by-ursula-k-le-guin-paperback-/RCHUT3IDYWQY55AFCMEC2KAL,200,text/html; charset=utf-8,
https://www.dungeonbooks.com/product/the-winged-game-by-sophie-kim-hardcover-/E2ALYRHRBJBGESF7NF2TTQHG,200,text/html; charset=utf-8,
https://www.dungeonbooks.com/product/the-wind-weaver-reign-of-remnants-1-by-julie-johnson/VMCPRGU4UKIXQLGWMSNUYUJH,200,text/html; charset=utf-8,
https://www.dungeonbooks.com/product/the-winter-of-the-witch-winternight-trilogy-3-by-katherine-arden-paperback-/JLULVRBRFDEHBYYHBBPO6I4C,200,text/html; charset=utf-8,
https://www.dungeonbooks.com/product/the-witch-below-the-dreaming-wood-by-h-g-parry-paperback-/XWE6V2VZCNDNE2OMXIAKAFIG,200,text/html; charset=utf-8,
https://www.dungeonbooks.com/product/the-witcher-official-cookbook-provisions-fare-and-culinary-tales-from-travels-across-the-continent/ZQ72RY642DX7BU6GDN6M5RSJ,200,text/html; charset=utf-8,
https://www.dungeonbooks.com/product/the-wise-man-s-fear-by-patrick-rothfuss/740,200,text/html; charset=utf-8,
https://www.dungeonbooks.com/product/the-witches-sabbath-an-exploration-of-history-folklore-modern-practice/99,200,text/html; charset=utf-8,
https://www.dungeonbooks.com/product/the-winter-folk-by-jen-julian-paperback-/KYGQUXUXG4WCV7P3G5NU6A4E,200,text/html; charset=utf-8,
https://www.dungeonbooks.com/product/the-wizard-of-oz-by-l-frank-baum/XHQEBWLWGYLPGBBO5XDLKL2H,200,text/html; charset=utf-8,
https://www.dungeonbooks.com/product/the-wolves-of-war-the-wolfheart-chronicles-1-by-john-gwynne/QWH3R5BSY6GHBPFUK5UMTU4O,200,text/html; charset=utf-8,
https://www.dungeonbooks.com/product/the-wonderful-wizard-of-oz-signet-classics-by-l-frank-baum/MA2WTCWW32ATXZB7K5XJ36WN,200,text/html; charset=utf-8,
https://www.dungeonbooks.com/product/the-word-for-world-is-forest-by-ursula-k-le-guin/BEOO3WLDEYAEOTDUCDKKLDHY,200,text/html; charset=utf-8,
https://www.dungeonbooks.com/product/the-world-of-grimms-fairy-tales-a-1000-piece-jigsaw-puzzle-by-adam-simpson-by-adam-simpson/IE3RP6XH7NBG6WKZRPXP3JS3,200,text/html; charset=utf-8,
https://www.dungeonbooks.com/product/the-wood-at-midwinter-by-susanna-clarke-hardcover-/HHTN7FNUFJMGKZFUG26HWVG6,200,text/html; charset=utf-8,
https://www.dungeonbooks.com/product/the-world-of-hans-christian-andersen-s-fairy-tales-a-1000-piece-jigsaw-puzzle-by-adam-simpson-by-adam-simpson/NDFUKKTRVSV56TMJ67RJCZAO,200,text/html; charset=utf-8,
https://www.dungeonbooks.com/product/the-world-of-witches-1-000-pieces-puzzle-by-laura-kounine/HN5UNO6IBEUVATWNR2DEOUEM,200,text/html; charset=utf-8,
https://www.dungeonbooks.com/product/the-world-of-king-arthur-1000-piece-puzzle-by-adam-simpson/R4X5IR7G7743QXXJT5NE72HZ,200,text/html; charset=utf-8,
https://www.dungeonbooks.com/product/the-wretched-divine-by-adalyn-grace-deluxe-edition-/4NDAXQRS2HWZXB3JP4CUJOXK,200,text/html; charset=utf-8,
https://www.dungeonbooks.com/product/there-is-no-antimemetics-division-by-qntm-hardcover-/J2OPD72QDOM4TF32MB7HNIJX,200,text/html; charset=utf-8,
https://www.dungeonbooks.com/product/the-young-adventurer-s-collection-box-set-1-dungeons-dragons-4-books-/KRIEXYIQ67KDUP3S4JWTJMWQ,200,text/html; charset=utf-8,
https://www.dungeonbooks.com/product/there-s-no-place-like-gnome-s-by-scott-magoon-hardcover-/7LVUVCIO265HOEH4WKYAWXQH,200,text/html; charset=utf-8,
https://www.dungeonbooks.com/product/think-i-ve-still-got-it/271,200,text/html; charset=utf-8,
https://www.dungeonbooks.com/product/thirsty-sword-lesbians/100,200,text/html; charset=utf-8,
https://www.dungeonbooks.com/product/this-is-how-you-lose-the-time-war-deluxe-edition-by-amal-el-mohtar-max-gladstone-hardcover-/WLDSWNTOJXTI5TRRLOLTKVI5,200,text/html; charset=utf-8,
https://www.dungeonbooks.com/product/this-inevitable-ruin-by-matt-dinniman-hardcover-/6UMZZ6AYRCPETCBEQ2QCHMIN,200,text/html; charset=utf-8,
https://www.dungeonbooks.com/product/this-is-how-you-lose-the-time-war-by-amal-el-mohtar-and-max-gladstone/707,200,text/html; charset=utf-8,
https://www.dungeonbooks.com/product/this-kingdom-will-not-kill-me-maggie-the-undying-book-1-by-ilona-andrews-hardcover-/K72U3JBAHS46WOWZPREE2AZ3,200,text/html; charset=utf-8,
https://www.dungeonbooks.com/product/this-shattered-tempest-the-hurricane-wars-3-by-thea-guanzon-deluxe-limited-edition-/VL33GONSSYARX676XZ2ALTGL,200,text/html; charset=utf-8,
https://www.dungeonbooks.com/product/thornhedge-by-t-kingfisher/658,200,text/html; charset=utf-8,
https://www.dungeonbooks.com/product/this-princess-kills-monsters-by-ry-herman-paperback-/GWIVUDZP6MC2ZMHCLN4YDCN6,200,text/html; charset=utf-8,
https://www.dungeonbooks.com/product/thousand-year-old-vampire/451,200,text/html; charset=utf-8,
https://www.dungeonbooks.com/product/three-against-witch-world-by-andre-norton/122,200,text/html; charset=utf-8,
https://www.dungeonbooks.com/product/three-hearts-and-three-lions-by-poul-anderson/698,200,text/html; charset=utf-8,
https://www.dungeonbooks.com/product/thrifty-trades-of-fey/1,200,text/html; charset=utf-8,
https://www.dungeonbooks.com/product/throne-of-glass-by-sarah-j-maas/622,200,text/html; charset=utf-8,
https://www.dungeonbooks.com/product/through-the-telescope-mae-jemison-dreams-of-space-by-charles-r-smith-jr-/7X5B4HFOYJPRTZ5XPUOTIGF5,200,text/html; charset=utf-8,
https://www.dungeonbooks.com/product/thuvia-maid-of-mars-by-edgar-rice-burroughs/197,200,text/html; charset=utf-8,
https://www.dungeonbooks.com/product/tide-world-of-mani/1060,200,text/html; charset=utf-8,
https://www.dungeonbooks.com/product/time-for-the-stars/235,200,text/html; charset=utf-8,
https://www.dungeonbooks.com/product/time-cat-by-lloyd-alexander/1004,200,text/html; charset=utf-8,
https://www.dungeonbooks.com/product/time-enough-for-love-by-robert-a-heinlein-paperback-/LE3RWFNSXLYZ5L64LDJHL6JG,200,text/html; charset=utf-8,
https://www.dungeonbooks.com/product/titus-groan-by-mervyn-peake/YEUMDFMPPZABQZHESXUT3SSR,200,text/html; charset=utf-8,
https://www.dungeonbooks.com/product/to-clutch-a-razor-by-veronica-roth/OH7ZEFYOODHEIXQPLWH62GAV,200,text/html; charset=utf-8,
https://www.dungeonbooks.com/product/tis-but-a-scratch-m-lord-sticker/7MIMQYFKCBLNIKEZXHUWKD46,200,text/html; charset=utf-8,
https://www.dungeonbooks.com/product/to-ride-a-rising-storm-by-moniquill-blackgoose-paperback-/FOITFNJ3JGV76D3ETZ4H66FK,200,text/html; charset=utf-8,
https://www.dungeonbooks.com/product/to-dream-in-darkness-by-ann-liang-hardcover-/WQH4ZJXAGBLKIDRS2T55UODB,200,text/html; charset=utf-8,
https://www.dungeonbooks.com/product/to-drown-a-witch-by-lindsey-olsson-hardcover-/EH4MJS2LJUY3256AXQLOKVJ3,200,text/html; charset=utf-8,
https://www.dungeonbooks.com/product/tomie-by-junji-ito/660,200,text/html; charset=utf-8,
https://www.dungeonbooks.com/product/together-we-burn-by-isabel-iba-ez/459,200,text/html; charset=utf-8,
https://www.dungeonbooks.com/product/torchbearer-second-edition-core-rules/DEKHGSIFSVAB2W7EOLVGRWP2,200,text/html; charset=utf-8,
https://www.dungeonbooks.com/product/tower-dungeon-3-by-tsutomu-nihei-paperback-/JO6WGD57OBPTNLMMUSTEABAZ,200,text/html; charset=utf-8,
https://www.dungeonbooks.com/product/treasury-of-folklore-stars-and-skies-by-willow-winsham-hardcover-/3RZSVE2JHIAVHWUJARDOEGR2,200,text/html; charset=utf-8,
https://www.dungeonbooks.com/product/treasury-of-folklore-woodlands-forests-wild-gods-world-trees-and-werewolves/90,200,text/html; charset=utf-8,
https://www.dungeonbooks.com/product/traitor-s-blade-greatcoats-1-by-sebastien-de-castell-paperback-/SQSKSNXN2DECZRLMMWTA4IIH,200,text/html; charset=utf-8,
https://www.dungeonbooks.com/product/trey-of-swords-by-andre-norton/175,200,text/html; charset=utf-8,
https://www.dungeonbooks.com/product/tress-of-the-emerald-sea-a-cosmere-novel/6FUCLPM5KX77NSYEBM3QI7BZ,200,text/html; charset=utf-8,
https://www.dungeonbooks.com/product/trial-of-the-sun-queen-by-nisha-j-tuli/582,200,text/html; charset=utf-8,
https://www.dungeonbooks.com/product/tristan-and-isolde/534,200,text/html; charset=utf-8,
https://www.dungeonbooks.com/product/trumps-of-doom-by-roger-zelazny/168,200,text/html; charset=utf-8,
https://www.dungeonbooks.com/product/troika-2023-edition-w-pdf/ARRRKSBRM43TX352E5D3XRFF,200,text/html; charset=utf-8,
https://www.dungeonbooks.com/product/tsunami-sunrise-christoph-jesus/364,200,text/html; charset=utf-8,
https://www.dungeonbooks.com/product/tusk-love-by-thea-guanzon-hardcover-/6AIBIVOIZ2HJD6UORDC4L4VI,200,text/html; charset=utf-8,
https://www.dungeonbooks.com/product/twenty-thousand-leagues-under-the-sea-by-jules-verne/515,200,text/html; charset=utf-8,
https://www.dungeonbooks.com/product/torchbearer-a-roleplaying-game-by-thor-olavsrud-luke-crane-first-edition/495,200,text/html; charset=utf-8,
https://www.dungeonbooks.com/product/two-twisted-crowns-the-shepherd-king-2-by-rachel-gillig/864,200,text/html; charset=utf-8,
https://www.dungeonbooks.com/product/typeset-in-the-future/151,200,text/html; charset=utf-8,
https://www.dungeonbooks.com/product/two-twisted-crowns-deluxe-limited-hardcover-edition-by-rachel-gillig/CNBN4XFMWTOW7HCCBG47Q4RL,200,text/html; charset=utf-8,
https://www.dungeonbooks.com/product/tyrant-s-throne-by-sebastien-de-castell/PMV5MCDFF6AWCMYHIUMNRM5T,200,text/html; charset=utf-8,
https://www.dungeonbooks.com/product/ubik-by-philip-k-dick/604,200,text/html; charset=utf-8,
https://www.dungeonbooks.com/product/ultimate-guard-lorwyn-eclipsed-deck-box/XQT6QEUG5MGX5OPETRUIVMZC,200,text/html; charset=utf-8,
https://www.dungeonbooks.com/product/ultra-heaven-volume-1-by-keiichi-koike/AHWRMFYPAAQF34DQUURDQ3AR,200,text/html; charset=utf-8,
https://www.dungeonbooks.com/product/uncanny-ireland-british-library-hardback-classics-by-maria-giakaniki-hardcover-/W5CBX74BOXWUALRI6EBKLMIA,200,text/html; charset=utf-8,
https://www.dungeonbooks.com/product/under-the-dice-a-tabletop-and-hobby-fanzine-issue-6/WZJCESMFJNXBCRVQ4YJL7GFU,200,text/html; charset=utf-8,
https://www.dungeonbooks.com/product/under-the-dice-fanzine-issue-5/DEHQL74L5E3PAD2ACJCKR2SK,200,text/html; charset=utf-8,
https://www.dungeonbooks.com/product/under-the-autumn-strangely/46,200,text/html; charset=utf-8,
https://www.dungeonbooks.com/product/under-the-oak-tree-the-novel-volume-one-by-suji-kim/569,200,text/html; charset=utf-8,
https://www.dungeonbooks.com/product/under-the-whispering-door-by-tj-klune-paperback-/1018,200,text/html; charset=utf-8,
https://www.dungeonbooks.com/product/understanding-physics-light-magnetism-and-electricity-by-isaac-asimov/753,200,text/html; charset=utf-8,
https://www.dungeonbooks.com/product/unicorn-pride-sticker/35OS3NCCZJ5Y5SC3MVMRGGG5,200,text/html; charset=utf-8,
https://www.dungeonbooks.com/product/upgrade-by-blake-crouch/795,200,text/html; charset=utf-8,
https://www.dungeonbooks.com/product/upon-a-starlit-tide-by-kell-woods-hardcover-/925,200,text/html; charset=utf-8,
https://www.dungeonbooks.com/product/v-for-vendetta/281,200,text/html; charset=utf-8,
https://www.dungeonbooks.com/product/universe-1-anthology-edited-by-terry-carr/229,200,text/html; charset=utf-8,
https://www.dungeonbooks.com/product/uzumaki-by-junji-ito/691,200,text/html; charset=utf-8,
https://www.dungeonbooks.com/product/vaesen-core-rulebook/371,200,text/html; charset=utf-8,
https://www.dungeonbooks.com/product/vallejo-black-primer/62DIPJPELRX56AOTXXJEUPEJ,200,text/html; charset=utf-8,
https://www.dungeonbooks.com/product/vallejo-diorama-fx/62J7ITVLZI6F3LN52I6JN5KG,200,text/html; charset=utf-8,
https://www.dungeonbooks.com/product/vampires-of-el-norte-by-isabel-canas-paperback-/33KKK47RW2OOR5ZADPRBOFA3,200,text/html; charset=utf-8,
https://www.dungeonbooks.com/product/vallejo-model-color/788,200,text/html; charset=utf-8,
https://www.dungeonbooks.com/product/vallejo-white-primer/V5ZNTPC2HXRIU2PJ3ODQVCHX,200,text/html; charset=utf-8,
https://www.dungeonbooks.com/product/vermis-i-lost-dungeons-and-forbidden-woods/405,200,text/html; charset=utf-8,
https://www.dungeonbooks.com/product/vermis-ii-mist-mirrors/406,200,text/html; charset=utf-8,
https://www.dungeonbooks.com/product/vintage-horror-comics-postcards/409,200,text/html; charset=utf-8,
https://www.dungeonbooks.com/product/vintage-postcard-single-/963,200,text/html; charset=utf-8,
https://www.dungeonbooks.com/product/virgil-s-sodas/OG7SXV7N7OTM62CBI67NSF34,200,text/html; charset=utf-8,
https://www.dungeonbooks.com/product/voidwalker-beasts-of-the-void-by-s-a-maclean/MIQYSO2UOOWUEV66HZV5BUHM,200,text/html; charset=utf-8,
https://www.dungeonbooks.com/product/walking-in-the-woods-go-back-to-nature-with-japanese-way-of-shinrin-yoku/89,200,text/html; charset=utf-8,
https://www.dungeonbooks.com/product/waffles-for-esther-2e/5PNPDFNYBJMBJ5OT266EYWMA,200,text/html; charset=utf-8,
https://www.dungeonbooks.com/product/visions-of-the-vampire-two-centuries-of-immortal-tales/G4YAQSUAKJYYMGGECHRQCL5H,200,text/html; charset=utf-8,
https://www.dungeonbooks.com/product/wand-books-wizard-magic-by-sam-taplin-board-book-/CVN4OMWXQTFQSI22TYZJIIZ7,200,text/html; charset=utf-8,
https://www.dungeonbooks.com/product/wands-of-the-whipperwhool-wood/43GLSDJQHLKZG52R4UNWTX3O,200,text/html; charset=utf-8,
https://www.dungeonbooks.com/product/wanderhome/82,200,text/html; charset=utf-8,
https://www.dungeonbooks.com/product/warhammer-40-000-eisenhorn-the-omnibus-by-dan-abnett/512,200,text/html; charset=utf-8,
https://www.dungeonbooks.com/product/warbreaker-by-brandon-sanderson/588,200,text/html; charset=utf-8,
https://www.dungeonbooks.com/product/warhammer-40-000-the-rules/804,200,text/html; charset=utf-8,
https://www.dungeonbooks.com/product/warhammer-40-000-damnos-apocalypse-war-zone/809,200,text/html; charset=utf-8,
https://www.dungeonbooks.com/product/warhammer-40-000-kill-team-1st-edition-bundle/803,200,text/html; charset=utf-8,
https://www.dungeonbooks.com/product/warhammer-40-000-farsight-enclaves/798,200,text/html; charset=utf-8,
https://www.dungeonbooks.com/product/warhammer-40-000-space-marines-codex/810,200,text/html; charset=utf-8,
https://www.dungeonbooks.com/product/warhammer-40-000-space-marines-codex-adeptus-astartes/807,200,text/html; charset=utf-8,
https://www.dungeonbooks.com/product/warhammer-40-000-tau-empire-painting-guide/800,200,text/html; charset=utf-8,
https://www.dungeonbooks.com/product/warhammer-40-000-ultramarines-codex-supplement/808,200,text/html; charset=utf-8,
https://www.dungeonbooks.com/product/warhammer-40-000-war-zone-damocles-kauyon-bundle/802,200,text/html; charset=utf-8,
https://www.dungeonbooks.com/product/warlord-of-mars-by-edgar-rice-burroughs-a-barsoom-novel-3-mass-market-paperback-/JMFRTVP3BU7EQ5MV7LSWMXBZ,200,text/html; charset=utf-8,
https://www.dungeonbooks.com/product/warlock-of-the-witch-world/123,200,text/html; charset=utf-8,
https://www.dungeonbooks.com/product/warped-beyond-recognition/1061,200,text/html; charset=utf-8,
https://www.dungeonbooks.com/product/warped-beyond-recognition/4LP6OD563PR3GUCR6RFHGZVJ,200,text/html; charset=utf-8,
https://www.dungeonbooks.com/product/way-of-the-argosi-by-sebastien-de-castell/ZGQLGMXOGXFOEYADJFURMQ7Q,200,text/html; charset=utf-8,
https://www.dungeonbooks.com/product/way-of-the-walker-by-salinee-goldenberg-signed-postcard-exclusive-bookmark-/52CJXR5KSQGHO5WPE4KKQOR6,200,text/html; charset=utf-8,
https://www.dungeonbooks.com/product/we-are-legion-we-are-bob-bobiverse-by-dennis-e-hardcover-/SK3F6BQGAL7OVEZBNNMRBIQF,200,text/html; charset=utf-8,
https://www.dungeonbooks.com/product/we-are-always-tender-with-our-dead-by-eric-larocca/X756PM47RSLV33F5YGHYVTAU,200,text/html; charset=utf-8,
https://www.dungeonbooks.com/product/we-burned-so-bright-by-t-j-klune-hardcover-/HIOJOL7DN3736DBRD3PK5AAF,200,text/html; charset=utf-8,
https://www.dungeonbooks.com/product/way-farer-by-dennis-schmidt/208,200,text/html; charset=utf-8,
https://www.dungeonbooks.com/product/we-have-always-been-here-by-lena-nguyen/915,200,text/html; charset=utf-8,
https://www.dungeonbooks.com/product/we-have-always-lived-in-the-castle-penguin-classics-deluxe-edition-by-shirley-jackson/7YGCZIBI55DTBOKNKCAEVE6Y,200,text/html; charset=utf-8,
https://www.dungeonbooks.com/product/we-shall-be-monsters-by-alyssa-wees-paperback-/PLEAJY5BPQWWOHF2EADWYV2I,200,text/html; charset=utf-8,
https://www.dungeonbooks.com/product/we-used-to-live-here-by-marcus-kliewer-paperback-/D7TDCM7MRJAYNH25PBT5TLHX,200,text/html; charset=utf-8,
https://www.dungeonbooks.com/product/weird-medieval-guys-by-olivia-m-swarthout/695,200,text/html; charset=utf-8,
https://www.dungeonbooks.com/product/weird-walk-hardcover-/330,200,text/html; charset=utf-8,
https://www.dungeonbooks.com/product/weird-woods-tales-from-the-haunted-forests-of-britain-by-john-miller/LX6642FKXLIZR4SCBU5J4A3V,200,text/html; charset=utf-8,
https://www.dungeonbooks.com/product/weird-woods-tales-from-the-haunted-forests-of-britain-tales-of-the-weird-/898,200,text/html; charset=utf-8,
https://www.dungeonbooks.com/product/welcome-to-night-vale/54VSD4WGHDOPVM5SQMFMM25I,200,text/html; charset=utf-8,
https://www.dungeonbooks.com/product/weavingshaw-by-heba-al-wasity-hardcover-/CQTBMQPHGKVG7HI7CMTGLDTB,200,text/html; charset=utf-8,
https://www.dungeonbooks.com/product/weyward-by-emilia-hart-paperback-/1057,200,text/html; charset=utf-8,
https://www.dungeonbooks.com/product/werewolf-the-apocalypse/URLVXTKYRS6BZVF4IJ7HV7F6,200,text/html; charset=utf-8,
https://www.dungeonbooks.com/product/what-feasts-at-night/910,200,text/html; charset=utf-8,
https://www.dungeonbooks.com/product/what-s-the-furthest-place-from-here-/527,200,text/html; charset=utf-8,
https://www.dungeonbooks.com/product/what-moves-the-dead-by-t-kingfisher/923,200,text/html; charset=utf-8,
https://www.dungeonbooks.com/product/when-among-crows-by-veronica-roth-hardcover-/D2NTJ7SU7M5ENPVXJXUEAGRI,200,text/html; charset=utf-8,
https://www.dungeonbooks.com/product/when-the-moon-hatched-by-sarah-a-parker/646,200,text/html; charset=utf-8,
https://www.dungeonbooks.com/product/when-they-burned-the-butterfly-by-wen-yi-lee/E754WPQKDLATCS3WIFCOKCLP,200,text/html; charset=utf-8,
https://www.dungeonbooks.com/product/where-late-the-sweet-birds-sang-by-kate-wilhelm/629,200,text/html; charset=utf-8,
https://www.dungeonbooks.com/product/whispers-in-the-walls-2e-a-solo-horror-journaling-game/BLHMANDJAYNB2JH3IOOIYXBO,200,text/html; charset=utf-8,
https://www.dungeonbooks.com/product/white-is-for-witching-by-helen-oyeyemi/VXHNBFTTRXIPOXIWYC3KL7O5,200,text/html; charset=utf-8,
https://www.dungeonbooks.com/product/when-you-find-a-stranger-in-the-alps-by-gia-grillo/FF33TIYL2LFZOSVSS5U7Q3MG,200,text/html; charset=utf-8,
https://www.dungeonbooks.com/product/why-does-everyone-keep-saying-it-s-my-year-by-wendy-jia/C63POBU6QTVVQD3RSV3VKDPU,200,text/html; charset=utf-8,
https://www.dungeonbooks.com/product/wicked-plants-the-weed-that-killed-lincoln-s-mother-other-botanical-atrocities/91,200,text/html; charset=utf-8,
https://www.dungeonbooks.com/product/wicked-by-gregory-maguire/648,200,text/html; charset=utf-8,
https://www.dungeonbooks.com/product/wicked-problems-book-two-of-the-craft-wars-series-by-max-gladstone-paperback-/VZFFQXWJEEKGAHVJVBFTA5XT,200,text/html; charset=utf-8,
https://www.dungeonbooks.com/product/wild-reverence-by-rebecca-ross/CHTVFEXF2ZMFPYZFGSNRIOWM,200,text/html; charset=utf-8,
https://www.dungeonbooks.com/product/wildwood-dancing-by-juliet-marillier-paperback-/TSLR6MWXEFK236XOGBEC3LOW,200,text/html; charset=utf-8,
https://www.dungeonbooks.com/product/wind-and-truth-stormlight-archive-5-by-brandon-sanderson/600,200,text/html; charset=utf-8,
https://www.dungeonbooks.com/product/willow/228,200,text/html; charset=utf-8,
https://www.dungeonbooks.com/product/widow-s-point-the-complete-haunting-by-richard-chizmar-w-h-chizmar-book-signed-bookplate-/6CU5SXLTG4XW2XQH4Q74DG6I,200,text/html; charset=utf-8,
https://www.dungeonbooks.com/product/wind-wraith-a-generative-wavecrawl-setting-toolkit/387,200,text/html; charset=utf-8,
https://www.dungeonbooks.com/product/witch-hat-atelier-1-by-kamome-shirahama/IEOSINZUE5EQOOPALRFF7SX3,200,text/html; charset=utf-8,
https://www.dungeonbooks.com/product/wine-by-benoist-simmat-paperback-/ICWWWLXHEJRTL2NF4BAJ36PH,200,text/html; charset=utf-8,
https://www.dungeonbooks.com/product/witch-hat-atelier-grimoire-edition-1/T4NPWF2E4IZNKS2F5VEYNRGU,200,text/html; charset=utf-8,
https://www.dungeonbooks.com/product/witch-season-a-novel-broken-coven-volume-1-by-julia-bianco/URHC7B2NLQPIN6B7KQOSL5ZX,200,text/html; charset=utf-8,
https://www.dungeonbooks.com/product/witch-king-rising-world-by-martha-wells-hardcover-/6CM2PVVRPIMFBN6RR2A4V35G,200,text/html; charset=utf-8,
https://www.dungeonbooks.com/product/witch-anthology/YMUJSFGSQ2XU66D5BGJNBM7K,200,text/html; charset=utf-8,
https://www.dungeonbooks.com/product/witchcraft-melancholia-by-loic-locatelli-kournwsky-by-lo-c-locatelli-kournwsky/B4TJ2L6NMB57T4IMC5YX2BA7,200,text/html; charset=utf-8,
https://www.dungeonbooks.com/product/wildflower-by-becky-jenkinson-hardcover-/RPMXLH6RF57J2W2L7UDRXC2M,200,text/html; charset=utf-8,
https://www.dungeonbooks.com/product/witchlore-by-emma-hinds/XSSAHWIKAM2TMZKNQ565CO7T,200,text/html; charset=utf-8,
https://www.dungeonbooks.com/product/witchmark-the-kingston-cycle-1-by-c-l-polk/M67UXCPNUNSKENSPSRWQYBQA,200,text/html; charset=utf-8,
https://www.dungeonbooks.com/product/with-love-always-by-wendy-jia/G356NUIFI5VEP6HITTDLEBAI,200,text/html; charset=utf-8,
https://www.dungeonbooks.com/product/wizardpunk/28,200,text/html; charset=utf-8,
https://www.dungeonbooks.com/product/wolf-gone-wild-by-juliette-cross/434,200,text/html; charset=utf-8,
https://www.dungeonbooks.com/product/wolfskin-by-juliet-marillier/4HYKXDCI26EW2WY3V6UZL77R,200,text/html; charset=utf-8,
https://www.dungeonbooks.com/product/wolf-worm-by-t-kingfisher/SL3OSBOCXPENTCOZOUH5IUHB,200,text/html; charset=utf-8,
https://www.dungeonbooks.com/product/wolfwalkers-the-graphic-novel/IW7WME2KLZSR3YCNZRGZOR5C,200,text/html; charset=utf-8,
https://www.dungeonbooks.com/product/wolverine-old-man-logan/1065,200,text/html; charset=utf-8,
https://www.dungeonbooks.com/product/wolverine-origins-endings/1070,200,text/html; charset=utf-8,
https://www.dungeonbooks.com/product/woodlore-discover-the-seasons-and-stories-of-the-forest-by-kevin-parr-illustrated-by-anja-su-anj/ZAMPYG7UBUB5566BAEVEQLXM,200,text/html; charset=utf-8,
https://www.dungeonbooks.com/product/words-of-radiance-book-two-of-the-stormlight-archive-by-brandon-sanderson-hardcover-/676,200,text/html; charset=utf-8,
https://www.dungeonbooks.com/product/wool-silo-silo-1-by-hugh-howey/603,200,text/html; charset=utf-8,
https://www.dungeonbooks.com/product/woodfall-dark-fantasy-mini-setting/391,200,text/html; charset=utf-8,
https://www.dungeonbooks.com/product/words-of-radiance-stormlight-archive-2-by-brandon-sanderson/639,200,text/html; charset=utf-8,
https://www.dungeonbooks.com/product/world-heist/XKM6DXDV6DRGGTTNVM7TTOZI,200,text/html; charset=utf-8,
https://www.dungeonbooks.com/product/world-of-ptavvs-by-larry-niven-vintage-paperback-/143,200,text/html; charset=utf-8,
https://www.dungeonbooks.com/product/worlds-beyond-time-by-adam-rowe-hardcover-/ABXZGP6SIIC2NTZLWFWMDMR6,200,text/html; charset=utf-8,
https://www.dungeonbooks.com/product/writing-dice/Z5TPGGIE7TNVCPDPSORPKXA2,200,text/html; charset=utf-8,
https://www.dungeonbooks.com/product/wraiths-of-time/126,200,text/html; charset=utf-8,
https://www.dungeonbooks.com/product/wyrd-rpg/KSSM3ON4XVM2LDFAVN4JCQG4,200,text/html; charset=utf-8,
https://www.dungeonbooks.com/product/wyrd-science-issue-5/294,200,text/html; charset=utf-8,
https://www.dungeonbooks.com/product/wulfwald/386,200,text/html; charset=utf-8,
https://www.dungeonbooks.com/product/x-maschina-by-steve-urena/469,200,text/html; charset=utf-8,
https://www.dungeonbooks.com/product/x-statix-the-complete-collection-volume-1/KWAOIAOSAH7IY552JTNKVENH,200,text/html; charset=utf-8,
https://www.dungeonbooks.com/product/wyrms-by-orson-scott-card-paperback-/P53LU7WWW7INZRN3KWMCYOTL,200,text/html; charset=utf-8,
https://www.dungeonbooks.com/product/x-statix-the-complete-collection-vol-1/2PUQDGXZPZRGMRBSNP2DDWBB,200,text/html; charset=utf-8,
https://www.dungeonbooks.com/product/ye-old-frog-wizard-sticker-pretty-bad-co-/J4DIUAZJ7YNXUQQAWX3A47HH,200,text/html; charset=utf-8,
https://www.dungeonbooks.com/product/year-of-the-unicorn/128,200,text/html; charset=utf-8,
https://www.dungeonbooks.com/product/y-the-last-man/GBUXVMSYTYPOKRJXTY5AMHUV,200,text/html; charset=utf-8,
https://www.dungeonbooks.com/product/yesterday-s-tomorrows-the-store-of-classic-british-science-fiction/477,200,text/html; charset=utf-8,
https://www.dungeonbooks.com/product/ye-olde-ransom-note-sticker-book/KQQHRHXPJCHJXPMX5FTPZTPK,200,text/html; charset=utf-8,
https://www.dungeonbooks.com/product/yesteryear-by-caro-claire-burke-hardcover-/YDROD2N7HZ7LOBWV7S47QUQ6,200,text/html; charset=utf-8,
https://www.dungeonbooks.com/product/your-linux-toolbox-1593279779-/RSVJVAES6UAX2L7YW23LVEYR,200,text/html; charset=utf-8,
https://www.dungeonbooks.com/product/your-name-manga-series/542,200,text/html; charset=utf-8,
https://www.dungeonbooks.com/product/yumi-and-the-nightmare-painter-by-brandon-sanderson/348,200,text/html; charset=utf-8,
https://www.dungeonbooks.com/product/zarsthor-s-bane-by-andre-norton/127,200,text/html; charset=utf-8,
https://www.dungeonbooks.com/product/zine-earth-has-flowers-by-wendy-jia/1033,200,text/html; charset=utf-8,
https://www.dungeonbooks.com/product/zed-and-two-noughts/18,200,text/html; charset=utf-8,
https://www.dungeonbooks.com/product/zombie-date-night/468,200,text/html; charset=utf-8,
https://www.dungeonbooks.com/product/zero-history-blue-ant-book-3-by-william-gibson-paperback-/P53O2JIYXPCPH7TTI4CUTG5E,200,text/html; charset=utf-8,
https://www.dungeonbooks.com/product/-tis-fine-sticker-pretty-bad-co-/MU7SPO4FNZCLTE7ZHE4KTTCD,200,text/html; charset=utf-8,
https://www.dungeonbooks.com/shop/preorders/VL75DFZKWDZUVOI3IWELGKWS,200,text/html; charset=utf-8,
https://www.dungeonbooks.com/product/zine-what-my-parents-say-by-wendy-jia/1032,200,text/html; charset=utf-8,
https://www.dungeonbooks.com/shop/gift-card/3KKM5FPLNPJ3TD6RVPZLY3M7,200,text/html; charset=utf-8,
https://www.dungeonbooks.com/shop/merch/4CTRNGTUH4VFKTWJTMX5Q2TG,200,text/html; charset=utf-8,
https://www.dungeonbooks.com/shop/science-fiction/OFC4CDRT7AAHGUWZUR6LI3YR,200,text/html; charset=utf-8,
https://www.dungeonbooks.com/shop/books/L2NBAQNKEJJW4WR2H64VPYXG,200,text/html; charset=utf-8,
https://www.dungeonbooks.com/shop/fantasy/T22EWRW46UZHWSXKY2P5OAQG,200,text/html; charset=utf-8,
https://www.dungeonbooks.com/shop/romance/BR75NTUBDDZJ7XETHJHNZR26,200,text/html; charset=utf-8,
https://www.dungeonbooks.com/shop/young-adult-ya/WQBX5C5LGK6R4YK2CWURXNW7,200,text/html; charset=utf-8,
https://www.dungeonbooks.com/shop/childrens/7RVVW76YF6NIR23PKSKEFRAC,200,text/html; charset=utf-8,
https://www.dungeonbooks.com/shop/middle-grade/2KHTO3HR2Z6HJ7J67LX7LEPC,200,text/html; charset=utf-8,
https://www.dungeonbooks.com/shop/horror/XGTAEGFSRPPRELJSXAYMGDBX,200,text/html; charset=utf-8,
https://www.dungeonbooks.com/shop/young-adult/QNKUM4TLLKPJTLVVSRMCWY3S,200,text/html; charset=utf-8,
https://www.dungeonbooks.com/shop/rpg/FHVNUHAKW4FLEOVIWLOVA3RZ,200,text/html; charset=utf-8,
https://www.dungeonbooks.com/shop/picture-books/PTOOAI4NPHTXMXRRTNYJCGQG,200,text/html; charset=utf-8,
https://www.dungeonbooks.com/shop/manga/KBBAYHATRK65OYJR4DK4HT7U,200,text/html; charset=utf-8,
https://www.dungeonbooks.com/shop/comics-graphic-novels/VFJXAS6NHWZNCYQBYH4DKCED,200,text/html; charset=utf-8,
https://www.dungeonbooks.com/shop/puzzles/X7HE6YUGNRO76E4WXEVZ6ZSC,200,text/html; charset=utf-8,
https://www.dungeonbooks.com/shop/vallejo-paints/AVTY6KWOH3SSIVV4ZCI7ZCPX,200,text/html; charset=utf-8,
https://www.dungeonbooks.com/shop/zines/TOCDOAJ3BHO33QFODOK55O7E,200,text/html; charset=utf-8,
https://www.dungeonbooks.com/shop/hobby/AARJIAUFVJL3A3BZLUQUBR5J,200,text/html; charset=utf-8,
https://www.dungeonbooks.com/shop/bookmark/WYJ5ERKKCXFYZXL3KSCFUIA4,200,text/html; charset=utf-8,
https://www.dungeonbooks.com/shop/stationery-gifts/EW2BFW7JLVXAZNBAMTCP62RH,200,text/html; charset=utf-8,
https://www.dungeonbooks.com/shop/greetings-card/QV353XI2B7QJHQCVVO3CEXFA,200,text/html; charset=utf-8,
https://www.dungeonbooks.com/shop/dice/73UOFJVQVGZDLJ6KE5YSL27M,200,text/html; charset=utf-8,
https://www.dungeonbooks.com/shop/stickers/MMYGOJS4KLMONA7KG67SDO2B,200,text/html; charset=utf-8,
https://www.dungeonbooks.com/shop/signed-copies/XHIZDDVM43SXXAM65WUWZQOD,200,text/html; charset=utf-8,
https://www.dungeonbooks.com/s/shop,200,text/html; charset=utf-8,
